Employee Name,Phone Number,Email Address,Company
Muhammed MacIntyre,9096521246,josephine_darakjy@darakjy.org,Winjit Pvt Ltd
Barry French,9096521246,art@venere.org,"Eldon Base for stackable storage shelf, platinum"
Barry French,9096521246,lpaprocki@hotmail.com,"1.7 Cubic Foot Compact ""Cube"" Office Refrigerators"
Clay Rozendal,9096521246,donette.foller@cox.net,"Cardinal Slant-D® Ring Binder, Heavy Gauge Vinyl"
Carlos Soltero,9096521246,simona@morasca.com,R380
Carlos Soltero,9096521246,mitsue_tollner@yahoo.com,Holmes HEPA Air Purifier
Carl Jackson,9096521246,leota@hotmail.com,G.E. Longer-Life Indoor Recessed Floodlight Bulbs
Carl Jackson,9096521246,sage_wieser@cox.net,"Angle-D Binders with Locking Rings, Label Holders"
Monica Federle,9096521246,kris@gmail.com,"SAFCO Mobile Desk Side File, Wire Frame"
Dorothy Badders,9096521246,minna_amigon@yahoo.com,"SAFCO Commercial Wire Shelving, Black"
Neola Schneider,9096521246,amaclead@gmail.com,Xerox 198
Neola Schneider,9096521246,kiley.caldarera@aol.com,Xerox 1980
Carlos Daly,9096521246,gruta@cox.net,Advantus Map Pennant Flags and Round Head Tacks
Carlos Daly,9096521246,calbares@gmail.com,Holmes HEPA Air Purifier
Claudia Miner,9096521246,mattie@aol.com,"DS/HD IBM Formatted Diskettes, 200/Pack - Staples"
Neola Schneider,931-313-9635,meaghan@hotmail.com,"Wilson Jones 1"" Hanging DublLock® Ring Binders"
Allen Rosenblatt,414-661-9598,gladys.rim@rim.org,Ultra Commercial Grade Dual Valve Door Closer
Sylvia Foulston,313-288-7937,yuki_whobrey@aol.com,"#10-4 1/8"" x 9 1/2"" Premium Diagonal Seam Envelopes"
Sylvia Foulston,815-828-2147,fletcher.flosi@yahoo.com,Hon 4-Shelf Metal Bookcases
Jim Radford,610-545-3615,bette_nicka@cox.net,"Lesro Sheffield Collection Coffee Table, End Table, Center Table, Corner Table"
Jim Radford,408-540-1785,vinouye@aol.com,g520
Carlos Soltero,972-303-9197,willard@hotmail.com,LX 788
Carlos Soltero,518-966-7987,mroyster@royster.com,Avery 52
Carl Ludwig,732-658-3154,alisha@slusarski.com,Plymouth Boxed Rubber Bands by Plymouth
Carl Ludwig,715-662-6764,allene_iturbide@cox.net,"GBC Pre-Punched Binding Paper, Plastic, White, 8-1/2"" x 11"""
Don Miller,913-388-2079,chanel.caudy@caudy.org,"Maxell 3.5"" DS/HD IBM-Formatted Diskettes, 10/Pack"
Annie Cyprus,410-669-1642,ezekiel@chui.com,Newell 335
Carl Ludwig,212-582-4976,wkusko@yahoo.com,SANFORD Liquid Accent™ Tank-Style Highlighters
Carlos Soltero,936-336-3951,bfigeroa@aol.com,Canon PC940 Copier
Grant Carroll,614-801-9788,ammie@corrio.com,"Tenex Personal Project File with Scoop Front Design, Black"
Don Miller,505-977-3911,francine_vocelka@vocelka.com,Col-Erase® Pencils with Erasers
Don Miller,201-709-6245,ernie_stenseth@aol.com,"Imation 3.5"" DS/HD IBM Formatted Diskettes, 10/Pack"
Alan Barnes,732-924-7882,albina@glick.com,"White Dual Perf Computer Printout Paper, 2700 Sheets, 1 Part, Heavyweight, 20 lbs., 14 7/8 x 11"
Alan Barnes,212-860-1579,asergi@gmail.com,Self-Adhesive Address Labels for Typewriters by Universal
Jack Garza,504-979-9175,solange@shinko.com,Accessory37
Julia West,212-675-8570,jose@yahoo.com,Fuji 5.2GB DVD-RAM
Eugene Barchas,805-832-6163,rozella.ostrosky@ostrosky.com,Bevis Steel Folding Chairs
Eugene Barchas,210-812-9597,valentine_gillian@gmail.com,Avery Binder Labels
Eugene Barchas,785-463-7829,kati.rulapaugh@hotmail.com,Hon Every-Day® Chair Series Swivel Task Chairs
Edward Hooks,541-548-8197,josephine_darakjy@darakjy.org,"IBM Multi-Purpose Copy Paper, 8 1/2 x 11"", Case"
Brad Eason,913-413-4604,art@venere.org,Global Troy™ Executive Leather Low-Back Tilter
Nicole Hansen,907-231-4722,lpaprocki@hotmail.com,XtraLife® ClearVue™ Slant-D® Ring Binders by Cardinal
Dorothy Wardle,305-606-7291,donette.foller@cox.net,Computer Printout Paper with Letter-Trim Perforations
Aaron Bergman,907-741-1044,simona@morasca.com,6160
Jim Radford,952-768-2416,mitsue_tollner@yahoo.com,Avery 49
Annie Cyprus,617-399-5124,leota@hotmail.com,Hoover Portapower™ Portable Vacuum
Annie Cyprus,323-453-2780,sage_wieser@cox.net,Timeport L7089
Annie Cyprus,608-336-7444,kris@gmail.com,Avery 510
Annie Cyprus,215-907-9111,minna_amigon@yahoo.com,Xerox 1881
Annie Cyprus,212-402-9216,amaclead@gmail.com,LX 788
Clay Rozendal,931-875-6644,kiley.caldarera@aol.com,"Cardinal Slant-D® Ring Binder, Heavy Gauge Vinyl"
Don Jones,803-925-5213,gruta@cox.net,"Memorex 4.7GB DVD-RAM, 3/Pack"
Beth Thompson,610-814-5533,calbares@gmail.com,Unpadded Memo Slips
Frank Price,908-877-6135,mattie@aol.com,"Adams Telephone Message Book W/Dividers/Space For Phone Numbers, 5 1/4""X8 1/2"", 300/Messages"
Michelle Lonsdale,516-968-6051,meaghan@hotmail.com,"Eldon Expressions™ Desk Accessory, Wood Pencil Holder, Oak"
Ann Chong,215-934-8655,gladys.rim@rim.org,Bell Sonecor JB700 Caller ID
Ann Chong,818-423-4007,yuki_whobrey@aol.com,Avery Arch Ring Binders
Joy Bell,401-458-2547,fletcher.flosi@yahoo.com,APC 7 Outlet Network SurgeArrest Surge Protector
Joy Bell,215-211-9589,bette_nicka@cox.net,"Deflect-o RollaMat Studded, Beveled Mat for Medium Pile Carpeting"
Skye Norling,401-960-8259,vinouye@aol.com,Accessory4
Barry Weirich,732-234-1546,willard@hotmail.com,Personal Creations™ Ink Jet Cards and Labels
Grant Carroll,512-486-3817,mroyster@royster.com,High Speed Automatic Electric Letter Opener
Grant Carroll,303-724-7371,alisha@slusarski.com,Xerox 1966
Adrian Hane,414-748-1374,allene_iturbide@cox.net,Xerox 213
Skye Norling,212-674-9610,chanel.caudy@caudy.org,"Boston Electric Pencil Sharpener, Model 1818, Charcoal Black"
Skye Norling,907-797-9628,ezekiel@chui.com,Hammermill CopyPlus Copy Paper (20Lb. and 84 Bright)
Andrew Gjertsen,814-393-5571,wkusko@yahoo.com,"Telephone Message Books with Fax/Mobile Section, 5 1/2"" x 3 3/16"""
Ralph Knight,410-914-9018,bfigeroa@aol.com,Crate-A-Files™
Dorothy Wardle,208-862-5339,ammie@corrio.com,"Angle-D Binders with Locking Rings, Label Holders"
Dorothy Wardle,415-315-2761,francine_vocelka@vocelka.com,"80 Minute CD-R Spindle, 100/Pack - Staples"
Dorothy Wardle,919-225-9345,ernie_stenseth@aol.com,"Bush Westfield Collection Bookcases, Dark Cherry Finish, Fully Assembled"
Grant Carroll,650-528-5783,albina@glick.com,12-1/2 Diameter Round Wall Clock
Barry Weirich,925-647-3298,asergi@gmail.com,SAFCO Arco Folding Chair
Beth Paige,740-343-8575,solange@shinko.com,"#10 White Business Envelopes,4 1/8 x 9 1/2"
Sylvia Foulston,585-866-8313,jose@yahoo.com,3M Office Air Cleaner
Nicole Hansen,410-520-4832,rozella.ostrosky@ostrosky.com,"Global Leather and Oak Executive Chair, Black"
Nicole Hansen,973-354-2040,valentine_gillian@gmail.com,Xerox 1936
Nicole Hansen,773-446-5569,kati.rulapaugh@hotmail.com,Xerox 214
Beth Paige,973-927-3447,youlanda@aol.com,Carina Double Wide Media Storage Towers in Natural & Black
Beth Paige,505-975-8559,tigotevish@gmail.com,Staples® General Use 3-Ring Binders
Beth Paige,718-332-6527,tigotevish@gmail.com,Xerox 1904
Beth Paige,904-775-4480,tigotevish@gmail.com,Luxo Professional Combination Clamp-On Lamps
Beth Paige,510-993-3758,tigotevish@gmail.com,Xerox 217
Sylvia Foulston,216-657-7668,tigotevish@gmail.com,Revere Boxed Rubber Bands by Revere
Bryan Davis,817-914-7518,tigotevish@gmail.com,"Acco Smartsocket™ Table Surge Protector, 6 Color-Coded Adapter Outlets"
Joy Bell,310-774-7643,tigotevish@gmail.com,"Tennsco Snap-Together Open Shelving Units, Starter Sets and Add-On Units"
Joy Bell,847-728-7286,tigotevish@gmail.com,Hon 4070 Series Pagoda™ Round Back Stacking Chairs
Joy Bell,330-537-5358,tigotevish@gmail.com,Xerox 1887
Alan Barnes,215-255-1641,tigotevish@gmail.com,Xerox 1891
Grant Carroll,650-803-1936,tigotevish@gmail.com,Avery 506
Grant Carroll,626-572-1096,tigotevish@gmail.com,"Bush Heritage Pine Collection 5-Shelf Bookcase, Albany Pine Finish, *Special Order"
Grant Carroll,254-782-8569,tigotevish@gmail.com,"Lifetime Advantage™ Folding Chairs, 4/Carton"
Delfina Latchford,907-870-5536,tigotevish@gmail.com,Microsoft Natural Multimedia Keyboard
Don Jones,408-703-8505,tigotevish@gmail.com,"Staples Wirebound Steno Books, 6"" x 9"", 12/Pack"
Doug Bickford,510-503-7169,tigotevish@gmail.com,"GBC Pre-Punched Binding Paper, Plastic, White, 8-1/2"" x 11"""
Doug Bickford,317-722-5066,tigotevish@gmail.com,Bevis Boat-Shaped Conference Table
Doug Bickford,307-704-8713,tigotevish@gmail.com,"Linden® 12"" Wall Clock With Oak Frame"
Jamie Kunitz,703-235-3937,tigotevish@gmail.com,Newell 326
Anthony Johnson,504-710-5840,tigotevish@gmail.com,Prismacolor Color Pencil Set
Ralph Knight,303-301-4946,tigotevish@gmail.com,Xerox Blank Computer Paper
Nayar,510-828-7047,tigotevish@gmail.com,600 Series Flip
Sengbusch,808-892-7943,tigotevish@gmail.com,Fellowes Recycled Storage Drawers
Sarao,952-334-9408,tigotevish@gmail.com,Satellite Sectional Post Binders
Mcrae,336-243-5659,tigotevish@gmail.com,Deflect-o DuraMat Antistatic Studded Beveled Mat for Medium Pile Carpeting
Lueckenbach,516-509-2347,tigotevish@gmail.com,Avery 487
Husser,503-939-3153,tigotevish@gmail.com,Bevis Round Conference Table Top & Single Column Base
Onofrio,608-976-7199,tigotevish@gmail.com,"GBC Twin Loop™ Wire Binding Elements, 9/16"" Spine, Black"
Jurney,508-429-8576,tigotevish@gmail.com,Hanging Personal Folder File
Heimann,305-385-9695,tigotevish@gmail.com,"Bevis Round Conference Table Top, X-Base"
Wenzinger,814-460-2655,tigotevish@gmail.com,5125
Angalich,972-666-3413,tigotevish@gmail.com,Electrix Halogen Magnifier Lamp
Ohms,931-273-8709,tigotevish@gmail.com,Canon BP1200DH 12-Digit Bubble Jet Printing Calculator
Leinenbach,973-649-2922,tigotevish@gmail.com,Fellowes Black Plastic Comb Bindings
Suell,305-420-8970,tigotevish@gmail.com,Polycom ViewStation™ Adapter H323 Videoconferencing Unit
Myricks,410-224-9462,tigotevish@gmail.com,Hon GuestStacker Chair
Swayze,805-275-3566,tigotevish@gmail.com,Eldon® Wave Desk Accessories
Castros,808-215-6832,tigotevish@gmail.com,Sharp AL-1530CS Digital Copier
Greenbush,229-735-3378,tigotevish@gmail.com,"Tennsco Lockers, Gray"
Lapage,617-418-5043,tigotevish@gmail.com,"Avery 4027 File Folder Labels for Dot Matrix Printers, 5000 Labels per Box, White"
Claucherty,201-672-1553,tigotevish@gmail.com,Newell 323
Villanueva,650-933-5072,tigotevish@gmail.com,Global Enterprise Series Seating High-Back Swivel/Tilt Chairs
Perruzza,909-639-9887,tigotevish@gmail.com,Spiral Phone Message Books with Labels by Adams
Wildfong,510-955-3016,tigotevish@gmail.com,Crate-A-Files™
Galam,518-497-2940,tigotevish@gmail.com,Bell Sonecor JB700 Caller ID
Lipkin,570-867-7489,tigotevish@gmail.com,Holmes 99% HEPA Air Purifier
Rowling,973-245-2133,tigotevish@gmail.com,Xerox 224
Weglarz,908-409-2890,tigotevish@gmail.com,Xerox 1906
Diestel,321-749-4981,tigotevish@gmail.com,"GBC Pre-Punched Binding Paper, Plastic, White, 8-1/2"" x 11"""
Samara,718-809-3762,tigotevish@gmail.com,Xerox 188
Grenet,808-315-3077,tigotevish@gmail.com,Xerox 1932
Mclaird,303-623-4241,tigotevish@gmail.com,GBC Linen Binding Covers
Jeanty,973-310-1634,tigotevish@gmail.com,GBC Recycled Grain Textured Covers
Eanes,609-524-3586,tigotevish@gmail.com,"Sauder Facets Collection Library, Sky Alder Finish"
Mcnease,908-877-8409,tigotevish@gmail.com,"Fellowes Basic 104-Key Keyboard, Platinum"
Comnick,508-584-4279,tigotevish@gmail.com,Kensington 7 Outlet MasterPiece Power Center with Fax/Phone Line Protection
Colaizzo,773-775-4522,tigotevish@gmail.com,O'Sullivan 3-Shelf Heavy-Duty Bookcases
Threets,503-527-5274,tigotevish@gmail.com,G.E. Longer-Life Indoor Recessed Floodlight Bulbs
Koppinger,214-339-1809,tigotevish@gmail.com,Panasonic KX-P1150 Dot Matrix Printer
Dewar,312-303-5453,tigotevish@gmail.com,Newell 327
Arceo,419-939-3613,tigotevish@gmail.com,Xerox 1893
Keener,951-645-3605,tigotevish@gmail.com,"Hon Deluxe Fabric Upholstered Stacking Chairs, Rounded Back"
Breland,254-463-4368,tigotevish@gmail.com,Eldon Radial Chair Mat for Low to Medium Pile Carpets
Rentfro,615-406-7854,tigotevish@gmail.com,"DAX Copper Panel Document Frame, 5 x 7 Size"
Kardas,414-959-2540,tigotevish@gmail.com,O'Sullivan 2-Shelf Heavy-Duty Bookcases
Tromblay,410-387-5260,tigotevish@gmail.com,"Tenex 46"" x 60"" Computer Anti-Static Chairmat, Rectangular Shaped"
Harnos,972-934-6914,tigotevish@gmail.com,"Wirebound Message Books, 2 7/8"" x 5"", 3 Forms per Page"
Chaffins,310-560-8022,tigotevish@gmail.com,"Memorex Slim 80 Minute CD-R, 10/Pack"
Bourbon,516-948-5768,tigotevish@gmail.com,Aluminum Document Frame
Juvera,609-518-7697,tigotevish@gmail.com,"Memorex 80 Minute CD-R Spindle, 100/Pack"
Nunlee,513-508-7371,tigotevish@gmail.com,"Multi-Use Personal File Cart and Caster Set, Three Stacking Bins"
Devreese,541-326-4074,tigotevish@gmail.com,Accessory36
Chavous,919-533-3762,tigotevish@gmail.com,Xerox 20
Schieler,212-332-8435,tigotevish@gmail.com,Surelock™ Post Binders
Sayaphon,602-906-9419,tigotevish@gmail.com,Colorific® Watercolor Pencils
Palaia,317-234-1135,tigotevish@gmail.com,"*Staples* vLetter Openers, 2/Pack"
Jacobos,315-304-4759,tigotevish@gmail.com,Hon 4700 Series Mobuis™ Mid-Back Task Chairs with Adjustable Arms
Yori,856-487-5412,tigotevish@gmail.com,BoxOffice By Design Rectangular and Half-Moon Meeting Room Tables
Delasancha,516-212-1915,tigotevish@gmail.com,Eldon Econocleat® Chair Mats for Low Pile Carpets
Liukko,501-308-1040,tigotevish@gmail.com,Prang Drawing Pencil Set
Gabisi,651-591-2583,tigotevish@gmail.com,T39m
Paskin,215-325-3042,tigotevish@gmail.com,Xerox 1982
Asar,985-890-7262,tigotevish@gmail.com,Xerox 1924
Chesterfield,631-957-7624,tigotevish@gmail.com,Turquoise Lead Holder with Pocket Clip
Similton,916-591-3277,tigotevish@gmail.com,Okidata ML395C Color Dot Matrix Printer
Tillotson,208-649-2373,tigotevish@gmail.com,Global Enterprise Series Seating High-Back Swivel/Tilt Chairs
Lorens,512-587-5746,tigotevish@gmail.com,Microsoft Internet Keyboard
Boulter,215-964-3284,tigotevish@gmail.com,Xerox 1982
Ankeny,808-477-4775,tigotevish@gmail.com,Global Ergonomic Managers Chair
Oles,775-501-8109,tigotevish@gmail.com,"Office Star - Contemporary Task Swivel chair with 2-way adjustable arms, Plum"
Hixenbaugh,847-979-9545,tigotevish@gmail.com,Xerox 1971
Harabedian,973-545-7355,tigotevish@gmail.com,Eldon Portable Mobile Manager
Gillaspie,864-256-3620,tigotevish@gmail.com,Accessory6
Kampa,410-209-9545,tigotevish@gmail.com,Durable Pressboard Binders
Bookamer,914-855-2115,tigotevish@gmail.com,Fellowes 17-key keypad for PS/2 interface
Biddy,212-260-3151,tigotevish@gmail.com,StarTAC ST7762
Motley,510-677-9785,tigotevish@gmail.com,Accessory21
Nayar,978-697-6263,tigotevish@gmail.com,Fellowes PB500 Electric Punch Plastic Comb Binding Machine with Manual Bind
Sengbusch,415-767-6596,tigotevish@gmail.com,Staples 6 Outlet Surge
Sarao,201-971-1638,tigotevish@gmail.com,Recycled Eldon Regeneration Jumbo File
Mcrae,925-634-7158,tigotevish@gmail.com,Verbatim DVD-R 4.7GB authoring disc
Lueckenbach,773-494-4195,tigotevish@gmail.com,Canon P1-DHIII Palm Printing Calculator
Husser,973-943-3423,tigotevish@gmail.com,GBC Binding covers
Onofrio,419-544-4900,tigotevish@gmail.com,Newell 323
Jurney,310-579-2907,tigotevish@gmail.com,"Global Stack Chair without Arms, Black"
Heimann,352-242-2570,tigotevish@gmail.com,"Speediset Carbonless Redi-Letter® 7"" x 8 1/2"""
Wenzinger,408-758-5015,tigotevish@gmail.com,GBC Recycled Regency Composition Covers
Angalich,570-889-5187,tigotevish@gmail.com,Accessory29
Ohms,201-588-7810,tigotevish@gmail.com,Newell 323
Leinenbach,925-615-5185,tigotevish@gmail.com,SANFORD Major Accent™ Highlighters
Suell,908-802-3564,tigotevish@gmail.com,Polycom ViaVideo™ Desktop Video Communications Unit
Myricks,631-748-6479,tigotevish@gmail.com,"Dixon Ticonderoga Core-Lock Colored Pencils, 48-Color Set"
Swayze,805-690-1682,tigotevish@gmail.com,Accessory24
Castros,908-275-8357,tigotevish@gmail.com,"Howard Miller 13-3/4"" Diameter Brushed Chrome Round Wall Clock"
Greenbush,503-940-8327,tigotevish@gmail.com,Recycled Steel Personal File for Standard File Folders
Lapage,503-516-2189,tigotevish@gmail.com,"Eldon Expressions™ Desk Accessory, Wood Pencil Holder, Oak"
Claucherty,856-305-9731,tigotevish@gmail.com,Accessory39
Villanueva,770-507-8791,tigotevish@gmail.com,Bell Sonecor JB700 Caller ID
Perruzza,904-235-3633,tigotevish@gmail.com,"#10- 4 1/8"" x 9 1/2"" Security-Tint Envelopes"
Wildfong,207-458-9196,tigotevish@gmail.com,GBC Standard Plastic Binding Systems Combs
Galam,817-765-5781,tigotevish@gmail.com,Xerox 1930
Lipkin,716-752-4114,tigotevish@gmail.com,Avery 474
Rowling,305-670-9628,tigotevish@gmail.com,"Riverside Palais Royal Lawyers Bookcase, Royale Cherry Finish"
Weglarz,212-313-1783,tigotevish@gmail.com,Hewlett-Packard Deskjet 6122 Color Inkjet Printer
Diestel,215-605-7570,tigotevish@gmail.com,"IBM 80 Minute CD-R Spindle, 50/Pack"
Samara,850-430-1663,tigotevish@gmail.com,"Peel & Seel® Recycled Catalog Envelopes, Brown"
Grenet,415-306-7897,tigotevish@gmail.com,Avery 506
Mclaird,408-504-3552,tigotevish@gmail.com,Prang Drawing Pencil Set
Jeanty,650-947-1215,tigotevish@gmail.com,TDK 4.7GB DVD+RW
Eanes,818-864-4875,tigotevish@gmail.com,U.S. Robotics 56K Internet Call Modem
Mcnease,215-558-8189,tigotevish@gmail.com,Xerox 190
Comnick,337-253-8384,tigotevish@gmail.com,Standard Line™ “While You Were Out” Hardbound Telephone Message Book
Colaizzo,313-533-4884,tigotevish@gmail.com,CF 888
Threets,512-213-8574,tigotevish@gmail.com,Hewlett-Packard Deskjet 6122 Color Inkjet Printer
Koppinger,214-428-2285,tigotevish@gmail.com,Dana Halogen Swing-Arm Architect Lamp
Dewar,206-697-5796,tigotevish@gmail.com,"SAFCO PlanMaster Heigh-Adjustable Drafting Table Base, 43w x 30d x 30-37h, Black"
Arceo,610-476-3501,tigotevish@gmail.com,Lexmark Z25 Color Inkjet Printer
Keener,215-372-1718,tigotevish@gmail.com,Hon Multipurpose Stacking Arm Chairs
Breland,310-858-5079,tigotevish@gmail.com,Hon Olson Stacker Stools
Rentfro,707-653-8214,tigotevish@gmail.com,"Executive Impressions 14"" Two-Color Numerals Wall Clock"
Kardas,407-808-9439,tigotevish@gmail.com,12-1/2 Diameter Round Wall Clock
Tromblay,760-971-4322,tigotevish@gmail.com,Epson DFX5000+ Dot Matrix Printer
Harnos,508-837-9230,tigotevish@gmail.com,"Fellowes Basic 104-Key Keyboard, Platinum"
Chaffins,936-264-9294,tigotevish@gmail.com,"Recycled Interoffice Envelopes with String and Button Closure, 10 x 13"
Bourbon,414-214-8697,tigotevish@gmail.com,GBC Standard Therm-A-Bind Covers
Juvera,626-636-4117,tigotevish@gmail.com,"80 Minute CD-R Spindle, 100/Pack - Staples"
Nunlee,914-300-9193,tigotevish@gmail.com,Xerox 1892
Devreese,214-289-1973,tigotevish@gmail.com,Staples Paper Clips
Chavous,228-235-5615,tigotevish@gmail.com,"Metal Folding Chairs, Beige, 4/Carton"
Schieler,305-604-8981,tigotevish@gmail.com,"80 Minute Slim Jewel Case CD-R , 10/Pack - Staples"
Sayaphon,212-304-9225,tigotevish@gmail.com,Computer Printout Paper with Letter-Trim Perforations
Palaia,201-474-4924,tigotevish@gmail.com,Bush Mission Pointe Library
Jacobos,734-928-5182,tigotevish@gmail.com,Hon Olson Stacker Stools
Yori,631-258-6558,tigotevish@gmail.com,Xerox 1929
Delasancha,330-791-8557,tigotevish@gmail.com,Home/Office Personal File Carts
Liukko,203-506-4706,tigotevish@gmail.com,Avery 507
Gabisi,703-322-4041,tigotevish@gmail.com,i470
Paskin,978-626-2978,tigotevish@gmail.com,3M Organizer Strips
Asar,419-693-1334,tigotevish@gmail.com,"Imation 3.5 IBM Diskettes, 10/Box"
Chesterfield,253-660-7821,tigotevish@gmail.com,"GE 4 Foot Flourescent Tube, 40 Watt"
Similton,916-741-7884,tigotevish@gmail.com,300 Series Non-Flip
Tillotson,307-342-7795,tigotevish@gmail.com,"Executive Impressions 13"" Chairman Wall Clock"
Lorens,207-627-7565,tigotevish@gmail.com,Micro Innovations 104 Keyboard
Boulter,215-491-5633,tigotevish@gmail.com,US Robotics 56K V.92 External Faxmodem
Ankeny,813-769-2939,tigotevish@gmail.com,Fellowes Staxonsteel® Drawer Files
Oles,619-608-1763,tigotevish@gmail.com,Accessory39
Hixenbaugh,979-718-8968,tigotevish@gmail.com,Telescoping Adjustable Floor Lamp
Harabedian,847-233-3075,tigotevish@gmail.com,Canon MP41DH Printing Calculator
Gillaspie,609-228-5265,tigotevish@gmail.com,"Sauder Facets Collection Locker/File Cabinet, Sky Alder Finish"
Kampa,908-722-7128,tigotevish@gmail.com,VTech VT20-2481 2.4GHz Two-Line Phone System w/Answering Machine
Bookamer,718-560-9537,tigotevish@gmail.com,"Memo Book, 100 Message Capacity, 5 3/8” x 11”"
Biddy,314-787-1588,tigotevish@gmail.com,Belkin 6 Outlet Metallic Surge Strip
Motley,209-317-1801,tigotevish@gmail.com,Xerox 21
Motley,973-936-5095,tigotevish@gmail.com,GBC DocuBind TL200 Manual Binding Machine
Nayar,317-578-2453,tigotevish@gmail.com,"Sauder Forest Hills Library, Woodland Oak Finish"
Sengbusch,206-540-6076,tigotevish@gmail.com,Xerox 1940
Sarao,336-822-7652,tigotevish@gmail.com,Bagged Rubber Bands
Mcrae,785-629-8542,tigotevish@gmail.com,Xerox 1897
Lueckenbach,407-471-6908,tigotevish@gmail.com,Poly Designer Cover & Back
Husser,612-508-2655,tigotevish@gmail.com,Bionaire Personal Warm Mist Humidifier/Vaporizer
Onofrio,803-352-5387,tigotevish@gmail.com,"Acme® 8"" Straight Scissors"
Jurney,707-300-1771,tigotevish@gmail.com,Heavy-Duty E-Z-D® Binders
Heimann,847-222-1734,tigotevish@gmail.com,Hammermill CopyPlus Copy Paper (20Lb. and 84 Bright)
Wenzinger,949-867-4077,tigotevish@gmail.com,Deluxe Rollaway Locking File with Drawer
Angalich,303-404-2210,tigotevish@gmail.com,252
Ohms,203-801-6193,tigotevish@gmail.com,6160
Leinenbach,425-986-7573,tigotevish@gmail.com,"Imation 3.5, DISKETTE 44766 HGHLD3.52HD/FM, 10/Pack"
Suell,440-989-5826,tigotevish@gmail.com,Prismacolor Color Pencil Set
Myricks,603-315-6839,tigotevish@gmail.com,Wilson Jones DublLock® D-Ring Binders
Swayze,321-518-5938,tigotevish@gmail.com,Binder Posts
Castros,212-792-8658,tigotevish@gmail.com,Epson LQ-570e Dot Matrix Printer
Greenbush,714-584-2237,tigotevish@gmail.com,"Atlantic Metals Mobile 3-Shelf Bookcases, Custom Colors"
Lapage,248-913-4677,tigotevish@gmail.com,Fellowes PB300 Plastic Comb Binding Machine
Claucherty,317-825-4724,tigotevish@gmail.com,Rush Hierlooms Collection Rich Wood Bookcases
Villanueva,940-276-7922,tigotevish@gmail.com,Avery 481
Perruzza,203-721-3388,tigotevish@gmail.com,Sharp AL-1530CS Digital Copier
Wildfong,410-739-9277,tigotevish@gmail.com,"SAFCO Commercial Wire Shelving, Black"
Galam,504-463-4384,tigotevish@gmail.com,"Avery Trapezoid Extra Heavy Duty 4"" Binders"
Lipkin,804-550-5097,tigotevish@gmail.com,Self-Adhesive Address Labels for Typewriters by Universal
Rowling,215-979-8776,tigotevish@gmail.com,StarTAC Series
Weglarz,952-651-7597,tigotevish@gmail.com,"Rediform Wirebound ""Phone Memo"" Message Book, 11 x 5-3/4"
Diestel,305-936-8226,tigotevish@gmail.com,Dana Halogen Swing-Arm Architect Lamp
Samara,414-263-5287,tigotevish@gmail.com,Global Comet™ Stacking Armless Chair
Grenet,732-941-2621,tigotevish@gmail.com,Hon 4070 Series Pagoda™ Armless Upholstered Stacking Chairs
Mclaird,701-898-2154,tigotevish@gmail.com,"Fellowes Internet Keyboard, Platinum"
Jeanty,775-638-9963,tigotevish@gmail.com,Deluxe Rollaway Locking File with Drawer
Eanes,602-954-5141,tigotevish@gmail.com,Luxo Economy Swing Arm Lamp
Mcnease,615-390-2251,tigotevish@gmail.com,"*Staples* vLetter Openers, 2/Pack"
Comnick,410-351-1863,tigotevish@gmail.com,Staples 6 Outlet Surge
Colaizzo,212-870-1286,tigotevish@gmail.com,Acco Perma® 2700 Stacking Storage Drawers
Threets,806-703-1435,tigotevish@gmail.com,Fellowes Stor/Drawer® Steel Plus™ Storage Drawers
Koppinger,323-765-2528,tigotevish@gmail.com,Honeywell Enviracaire Portable HEPA Air Cleaner for 17' x 22' Room
Dewar,619-509-5282,tigotevish@gmail.com,"Verbatim DVD-RAM, 9.4GB, Rewritable, Type 1, DS, DataLife Plus"
Arceo,770-732-1194,tigotevish@gmail.com,Lock-Up Easel 'Spel-Binder'
Keener,508-769-5250,tigotevish@gmail.com,"Adams Write n' Stick Phone Message Book, 11"" X 5 1/4"", 200 Messages"
Breland,269-756-7222,tigotevish@gmail.com,"Tenex File Box, Personal Filing Tote with Lid, Black"
Rentfro,973-714-1721,tigotevish@gmail.com,Fellowes Black Plastic Comb Bindings
Kardas,337-740-9323,tigotevish@gmail.com,Assorted Color Push Pins
Tromblay,717-491-5643,tigotevish@gmail.com,HP Office Paper (20Lb. and 87 Bright)
Harnos,314-359-9566,tigotevish@gmail.com,Staples Vinyl Coated Paper Clips
Chaffins,817-213-8851,tigotevish@gmail.com,Canon MP41DH Printing Calculator
Bourbon,813-932-8715,tigotevish@gmail.com,Newell 310
Juvera,770-679-4752,tigotevish@gmail.com,Kensington 7 Outlet MasterPiece Power Center
Nunlee,760-938-6069,tigotevish@gmail.com,"DAX Metal Frame, Desktop, Stepped-Edge"
Devreese,517-906-1108,tigotevish@gmail.com,Bush Mission Pointe Library
Chavous,602-390-4944,tigotevish@gmail.com,Accessory21
Schieler,207-295-7569,tigotevish@gmail.com,8860
Sayaphon,301-696-6420,tigotevish@gmail.com,Array® Memo Cubes
Palaia,717-809-3119,tigotevish@gmail.com,"Fiskars 8"" Scissors, 2/Pack"
Jacobos,972-419-7946,tigotevish@gmail.com,12 Colored Short Pencils
Yori,406-318-1515,tigotevish@gmail.com,Pizazz® Global Quick File™
Delasancha,973-767-3008,tigotevish@gmail.com,Imation 5.2GB DVD-RAM
Liukko,248-980-6904,tigotevish@gmail.com,Acco Perma® 2700 Stacking Storage Drawers
Gabisi,216-923-3715,tigotevish@gmail.com,Portable Personal File Box
Paskin,325-631-1560,tigotevish@gmail.com,"Snap-A-Way® Black Print Carbonless Speed Message, No Reply Area, Duplicate"
Asar,817-526-4408,tigotevish@gmail.com,Ibico Covers for Plastic or Wire Binding Elements
Chesterfield,718-201-3751,tigotevish@gmail.com,Hanging Personal Folder File
Similton,401-893-4882,tigotevish@gmail.com,Tennsco Double-Tier Lockers
Tillotson,717-885-9118,tigotevish@gmail.com,"Wirebound Message Books, Four 2 3/4"" x 5"" Forms per Page, 600 Sets per Book"
Lorens,401-948-4982,tigotevish@gmail.com,"Acme Design Line 8"" Stainless Steel Bent Scissors w/Champagne Handles, 3-1/8"" Cut"
Boulter,305-622-4739,tigotevish@gmail.com,"Imation 3.5"", DISKETTE 44766 HGHLD3.52HD/FM, 10/Pack"
Ankeny,201-832-4168,tigotevish@gmail.com,PC Concepts 116 Key Quantum 3000 Keyboard
Oles,210-856-4979,tigotevish@gmail.com,Epson Stylus 1520 Color Inkjet Printer
Hixenbaugh,718-478-8504,tigotevish@gmail.com,Avery 494
Harabedian,909-993-3242,tigotevish@gmail.com,Self-Adhesive Address Labels for Typewriters by Universal
Gillaspie,216-230-4892,tigotevish@gmail.com,Accessory37
Kampa,212-304-4515,tigotevish@gmail.com,Wilson Jones 14 Line Acrylic Coated Pressboard Data Binders
Bookamer,804-762-9576,tigotevish@gmail.com,Eureka Disposable Bags for Sanitaire® Vibra Groomer I® Upright Vac
Biddy,706-221-4243,tigotevish@gmail.com,AT&T 2230 Dual Handset Phone With Caller ID/Call Waiting
Motley,337-515-1438,tigotevish@gmail.com,"Peel & Seel® Recycled Catalog Envelopes, Brown"
Nayar,973-544-2677,tigotevish@gmail.com,Cardinal Poly Pocket Divider Pockets for Ring Binders
Sengbusch,607-407-3716,tigotevish@gmail.com,Canon PC1060 Personal Laser Copier
Sarao,973-412-2995,tigotevish@gmail.com,Sterling Rubber Bands by Alliance
Mcrae,208-252-4552,tigotevish@gmail.com,Newell 312
Lueckenbach,415-411-1775,tigotevish@gmail.com,BoxOffice By Design Rectangular and Half-Moon Meeting Room Tables
Husser,508-942-4186,tigotevish@gmail.com,"Imation 3.5"" DS/HD IBM Formatted Diskettes, 50/Pack"
Onofrio,248-357-8718,tigotevish@gmail.com,"Avery Flip-Chart Easel Binder, Black"
Jurney,920-353-6377,tigotevish@gmail.com,GBC Binding covers
Heimann,410-665-4903,tigotevish@gmail.com,R280
Wenzinger,719-669-1664,tigotevish@gmail.com,Accessory9
Angalich,419-588-8719,tigotevish@gmail.com,U.S. Robotics 56K Internet Call Modem
Ohms,301-998-9644,tigotevish@gmail.com,Tennsco Industrial Shelving
Leinenbach,508-855-9887,tigotevish@gmail.com,Staples Bulldog Clip
Suell,703-483-1970,tigotevish@gmail.com,"Micro Innovations Micro 3000 Keyboard, Black"
Myricks,410-678-2473,tigotevish@gmail.com,"Fellowes Basic 104-Key Keyboard, Platinum"
Swayze,512-223-4791,tigotevish@gmail.com,Xerox 1882
Castros,623-461-8551,tigotevish@gmail.com,Carina Double Wide Media Storage Towers in Natural & Black
Greenbush,419-571-5920,tigotevish@gmail.com,Portable Personal File Box
Lapage,206-311-4137,tigotevish@gmail.com,"Acme Hot Forged Carbon Steel Scissors with Nickel-Plated Handles, 3 7/8"" Cut, 8""L"
Claucherty,513-617-2362,tigotevish@gmail.com,Eldon Cleatmat® Chair Mats for Medium Pile Carpets
Villanueva,812-368-1511,tigotevish@gmail.com,Xerox 4200 Series MultiUse Premium Copy Paper (20Lb. and 84 Bright)
Perruzza,847-353-2156,tigotevish@gmail.com,Hon 94000 Series Round Tables
Wildfong,718-232-2337,tigotevish@gmail.com,"Deflect-o RollaMat Studded, Beveled Mat for Medium Pile Carpeting"
Galam,407-446-4358,tigotevish@gmail.com,Fellowes PB500 Electric Punch Plastic Comb Binding Machine with Manual Bind
Lipkin,310-820-2117,tigotevish@gmail.com,"Global High-Back Leather Tilter, Burgundy"
Rowling,813-797-4816,tigotevish@gmail.com,Poly Designer Cover & Back
Weglarz,915-452-1290,tigotevish@gmail.com,"Lifetime Advantage™ Folding Chairs, 4/Carton"
Diestel,619-603-5125,tigotevish@gmail.com,"DAX Contemporary Wood Frame with Silver Metal Mat, Desktop, 11 x 14 Size"
Samara,301-841-5012,tigotevish@gmail.com,Stockwell Push Pins
Grenet,714-523-6653,tigotevish@gmail.com,"Imation 3.5"", DISKETTE 44766 HGHLD3.52HD/FM, 10/Pack"
Mclaird,314-732-9131,tigotevish@gmail.com,8260
Jeanty,512-233-1831,tigotevish@gmail.com,3390
Eanes,336-670-2640,tigotevish@gmail.com,"Global Deluxe Stacking Chair, Gray"
Mcnease,631-443-4710,tigotevish@gmail.com,Bevis 36 x 72 Conference Tables
Comnick,201-825-2514,tigotevish@gmail.com,"Avery Flip-Chart Easel Binder, Black"
Colaizzo,901-412-4381,tigotevish@gmail.com,"Howard Miller 16"" Diameter Gallery Wall Clock"
Threets,404-505-4445,tigotevish@gmail.com,"ACCOHIDE® 3-Ring Binder, Blue, 1"""
Koppinger,650-473-1262,tigotevish@gmail.com,"Global High-Back Leather Tilter, Burgundy"
Dewar,952-702-7993,tigotevish@gmail.com,"Wilson Jones Hanging View Binder, White, 1"""
Arceo,480-726-1280,tigotevish@gmail.com,Boston 1730 StandUp Electric Pencil Sharpener
Keener,718-976-8610,tigotevish@gmail.com,Accessory31
Breland,770-844-3447,tigotevish@gmail.com,Accessory8
Rentfro,507-210-3510,tigotevish@gmail.com,Fellowes 17-key keypad for PS/2 interface
Kardas,203-461-1949,tigotevish@gmail.com,Hanging Personal Folder File
Tromblay,260-273-3725,tigotevish@gmail.com,Ibico Covers for Plastic or Wire Binding Elements
Harnos,601-927-8287,tigotevish@gmail.com,Hoover Portapower™ Portable Vacuum
Chaffins,586-970-7380,tigotevish@gmail.com,Fellowes Command Center 5-outlet power strip
Bourbon,719-853-3600,tigotevish@gmail.com,SAFCO Arco Folding Chair
Juvera,212-745-8484,tigotevish@gmail.com,Accessory12
Nunlee,510-686-3407,tigotevish@gmail.com,"Global Leather Highback Executive Chair with Pneumatic Height Adjustment, Black"
Devreese,773-704-9903,tigotevish@gmail.com,3390
Chavous,570-218-4831,tigotevish@gmail.com,GBC DocuBind TL300 Electric Binding System
Schieler,530-986-9272,tigotevish@gmail.com,"GBC Prepunched Paper, 19-Hole, for Binding Systems, 24-lb"
Sayaphon,845-823-8877,tigotevish@gmail.com,Microsoft Internet Keyboard
Palaia,216-600-6111,tigotevish@gmail.com,TDK 4.7GB DVD-R
Jacobos,973-852-2736,tigotevish@gmail.com,Xerox 1977
Yori,907-435-9166,tigotevish@gmail.com,DAX Solid Wood Frames
Delasancha,215-268-1275,tigotevish@gmail.com,Honeywell Enviracaire® Portable Air Cleaner for up to 8 x 10 Room
Liukko,513-977-7043,tigotevish@gmail.com,Belkin 8 Outlet SurgeMaster II Gold Surge Protector
Gabisi,310-699-1222,tigotevish@gmail.com,8260
Paskin,515-370-7348,tigotevish@gmail.com,"Recycled Interoffice Envelopes with String and Button Closure, 10 x 13"
Asar,610-809-1818,tigotevish@gmail.com,Multimedia Mailers
Chesterfield,919-623-2524,tigotevish@gmail.com,"White Business Envelopes with Contemporary Seam, Recycled White Business Envelopes"
Similton,509-695-5199,tigotevish@gmail.com,"Avery Trapezoid Ring Binder, 3"" Capacity, Black, 1040 sheets"
Tillotson,914-868-5965,tigotevish@gmail.com,"DXL™ Angle-View Binders with Locking Rings, Black"
Lorens,410-757-1035,tigotevish@gmail.com,8260
Boulter,516-847-4418,tigotevish@gmail.com,Newell® 3-Hole Punched Plastic Slotted Magazine Holders for Binders
Ankeny,508-456-4907,tigotevish@gmail.com,Laser & Ink Jet Business Envelopes
Oles,918-644-9555,tigotevish@gmail.com,Okidata ML390 Turbo Dot Matrix Printers
Hixenbaugh,231-467-9978,tigotevish@gmail.com,"Eldon Regeneration Recycled Desk Accessories, Smoke"
Harabedian,337-566-6001,tigotevish@gmail.com,Accessory36
Gillaspie,419-975-3182,tigotevish@gmail.com,"Linden® 12"" Wall Clock With Oak Frame"
Kampa,619-461-9984,josephine_darakjy@darakjy.org,2160i
Bookamer,203-892-3863,art@venere.org,Global Deluxe High-Back Office Chair in Storm
Biddy,201-920-9002,lpaprocki@hotmail.com,"Howard Miller 16"" Diameter Gallery Wall Clock"
Motley,330-903-1345,donette.foller@cox.net,Canon MP100DHII Printing Calculator
Nayar,201-238-5688,simona@morasca.com,Accessory21
Sengbusch,616-737-3085,mitsue_tollner@yahoo.com,Verbatim DVD-R 4.7GB authoring disc
Sarao,601-567-5386,leota@hotmail.com,"Rediform Wirebound ""Phone Memo"" Message Book, 11 x 5-3/4"
Mcrae,901-640-9178,sage_wieser@cox.net,"C-Line Cubicle Keepers Polyproplyene Holder w/Velcro® Back, 8-1/2x11, 25/Bx"
Lueckenbach,303-402-1940,kris@gmail.com,Avery 51
Husser,901-901-4726,minna_amigon@yahoo.com,SANFORD Liquid Accent™ Tank-Style Highlighters
Onofrio,626-866-2339,amaclead@gmail.com,Avery Poly Binder Pockets
Jurney,773-225-9985,kiley.caldarera@aol.com,"Dixon My First Ticonderoga Pencil, #2"
Heimann,718-228-5894,gruta@cox.net,Acco® Hot Clips™ Clips to Go
Wenzinger,509-755-5393,calbares@gmail.com,Fiskars® Softgrip Scissors
Angalich,410-890-7866,mattie@aol.com,"Elite 5"" Scissors"
Ohms,973-860-8610,meaghan@hotmail.com,Eldon Wave Desk Accessories
Leinenbach,562-579-6900,gladys.rim@rim.org,Avery 478
Suell,732-628-9909,yuki_whobrey@aol.com,Boston 16701 Slimline Battery Pencil Sharpener
Myricks,973-210-3994,fletcher.flosi@yahoo.com,Xerox 1982
Swayze,303-776-7548,bette_nicka@cox.net,"Soundgear Copyboard Conference Phone, Optional Battery"
Castros,757-682-7116,vinouye@aol.com,"Dot Matrix Printer Tape Reel Labels, White, 5000/Box"
Greenbush,602-919-4211,willard@hotmail.com,Euro Pro Shark Stick Mini Vacuum
Lapage,305-968-9487,mroyster@royster.com,Panasonic KX-P1150 Dot Matrix Printer
Claucherty,602-896-2993,alisha@slusarski.com,Recycled Eldon Regeneration Jumbo File
Villanueva,386-526-7800,allene_iturbide@cox.net,"Tenex Contemporary Contur Chairmats for Low and Medium Pile Carpet, Computer, 39"" x 49"""
Perruzza,415-331-9634,chanel.caudy@caudy.org,Avery 498
Wildfong,858-793-9684,ezekiel@chui.com,Premium Transparent Presentation Covers by GBC
Galam,201-991-8369,wkusko@yahoo.com,"Barricks 18"" x 48"" Non-Folding Utility Table with Bottom Storage Shelf"
Lipkin,909-430-7765,bfigeroa@aol.com,GBC VeloBinder Electric Binding Machine
Rowling,617-365-2134,ammie@corrio.com,Brown Kraft Recycled Envelopes
Weglarz,760-291-5497,francine_vocelka@vocelka.com,"Acme® 8"" Straight Scissors"
Diestel,310-510-9713,ernie_stenseth@aol.com,Bell Sonecor JB700 Caller ID
Samara,717-528-8996,albina@glick.com,A1228
Grenet,480-293-2882,asergi@gmail.com,"3M Polarizing Task Lamp with Clamp Arm, Light Gray"
Mclaird,561-470-4574,solange@shinko.com,8290
Jeanty,615-246-1824,jose@yahoo.com,Hewlett-Packard Deskjet 5550 Color Inkjet Printer
Eanes,859-717-7638,rozella.ostrosky@ostrosky.com,Fellowes Neat Ideas® Storage Cubes
Mcnease,734-561-6170,valentine_gillian@gmail.com,"Lesro Round Back Collection Coffee Table, End Table"
Comnick,936-751-7961,kati.rulapaugh@hotmail.com,Avery 492
Colaizzo,973-482-2430,youlanda@aol.com,Newell 343
Threets,201-693-3967,tigotevish@gmail.com,Recycled Eldon Regeneration Jumbo File
Koppinger,305-988-4162,tigotevish@gmail.com,"SAFCO PlanMaster Heigh-Adjustable Drafting Table Base, 43w x 30d x 30-37h, Black"
Dewar,931-553-9774,tigotevish@gmail.com,Canon S750 Color Inkjet Printer
Arceo,714-771-3880,tigotevish@gmail.com,Panasonic KP-310 Heavy-Duty Electric Pencil Sharpener
Keener,847-633-3216,tigotevish@gmail.com,"AT&T Black Trimline Phone, Model 210"
Breland,215-888-3304,tigotevish@gmail.com,Newell 318
Rentfro,973-654-1561,tigotevish@gmail.com,"Staples Pen Style Liquid Stix; Assorted (yellow, pink, green, blue, orange), 5/Pack"
Kardas,814-865-8113,tigotevish@gmail.com,Staples Vinyl Coated Paper Clips
Tromblay,801-293-9853,tigotevish@gmail.com,"3M Polarizing Task Lamp with Clamp Arm, Light Gray"
Harnos,910-922-3672,tigotevish@gmail.com,Avery 491
Chaffins,213-975-8026,tigotevish@gmail.com,Fellowes Black Plastic Comb Bindings
Bourbon,517-499-2322,tigotevish@gmail.com,"Eldon Expressions™ Desk Accessory, Wood Pencil Holder, Oak"
Juvera,315-818-2638,tigotevish@gmail.com,O'Sullivan 3-Shelf Heavy-Duty Bookcases
Nunlee,574-656-2800,tigotevish@gmail.com,T18
Devreese,407-312-1691,tigotevish@gmail.com,Sanyo 2.5 Cubic Foot Mid-Size Office Refrigerators
Chavous,973-751-9003,tigotevish@gmail.com,Honeywell Quietcare HEPA Air Cleaner
Schieler,609-200-8577,tigotevish@gmail.com,Staples Colored Bar Computer Paper
Sayaphon,608-382-4541,tigotevish@gmail.com,Boston 16765 Mini Stand Up Battery Pencil Sharpener
Palaia,914-861-9748,tigotevish@gmail.com,Staples Battery-Operated Desktop Pencil Sharpener
Jacobos,336-370-5333,tigotevish@gmail.com,Eldon® 200 Class™ Desk Accessories
Yori,410-473-1708,tigotevish@gmail.com,"Memorex 80 Minute CD-R, 30/Pack"
Delasancha,732-730-2692,tigotevish@gmail.com,"Global Leather and Oak Executive Chair, Black"
Liukko,830-258-2769,tigotevish@gmail.com,"Dual Level, Single-Width Filing Carts"
Gabisi,847-519-5906,tigotevish@gmail.com,"Fellowes Smart Design 104-Key Enhanced Keyboard, PS/2 Adapter, Platinum"
Paskin,732-605-4781,tigotevish@gmail.com,"Wilson Jones 1"" Hanging DublLock® Ring Binders"
Asar,402-896-5943,tigotevish@gmail.com,"Master Giant Foot® Doorstop, Safety Yellow"
Chesterfield,703-221-5602,tigotevish@gmail.com,"Perma STOR-ALL™ Hanging File Box, 13 1/8""W x 12 1/4""D x 10 1/2""H"
Similton,972-558-1665,tigotevish@gmail.com,Epson DFX-8500 Dot Matrix Printer
Tillotson,212-510-4633,tigotevish@gmail.com,Xerox 194
Lorens,516-816-1541,tigotevish@gmail.com,SouthWestern Bell FA970 Digital Answering Machine with Time/Day Stamp
Boulter,352-598-8301,tigotevish@gmail.com,Avery 493
Ankeny,317-542-6023,tigotevish@gmail.com,"Bevis Round Bullnose 29"" High Table Top"
Oles,816-557-9673,tigotevish@gmail.com,GBC Recycled Regency Composition Covers
Hixenbaugh,601-234-9632,tigotevish@gmail.com,Avery 506
Harabedian,325-869-2649,tigotevish@gmail.com,Xerox 197
Gillaspie,408-805-4309,tigotevish@gmail.com,"Eldon® Expressions™ Wood Desk Accessories, Oak"
Kampa,856-312-2629,tigotevish@gmail.com,Xerox 1935
Bookamer,510-974-8671,tigotevish@gmail.com,Peel & Stick Add-On Corner Pockets
Biddy,407-538-5106,tigotevish@gmail.com,Eureka The Boss® Cordless Rechargeable Stick Vac
Motley,307-403-1488,tigotevish@gmail.com,Eldon® Wave Desk Accessories
Nayar,516-393-9967,tigotevish@gmail.com,Xerox 1905
Sengbusch,608-967-7194,tigotevish@gmail.com,Fellowes Bankers Box™ Staxonsteel® Drawer File/Stacking System
Sarao,201-431-2989,tigotevish@gmail.com,"Executive Impressions 13"" Clairmont Wall Clock"
Mcrae,570-648-3035,tigotevish@gmail.com,"Global Leather and Oak Executive Chair, Black"
Lueckenbach,858-617-7834,tigotevish@gmail.com,Global Troy™ Executive Leather Low-Back Tilter
Husser,760-616-5388,tigotevish@gmail.com,"Verbatim DVD-RAM, 9.4GB, Rewritable, Type 1, DS, DataLife Plus"
Onofrio,609-373-3332,tigotevish@gmail.com,Staples SlimLine Pencil Sharpener
Jurney,401-465-6432,tigotevish@gmail.com,Presstex Flexible Ring Binders
Heimann,785-347-1805,tigotevish@gmail.com,"Memorex 4.7GB DVD+RW, 3/Pack"
Wenzinger,916-920-3571,tigotevish@gmail.com,Eldon Image Series Black Desk Accessories
Angalich,386-248-4118,tigotevish@gmail.com,Avery 485
Ohms,202-646-7516,tigotevish@gmail.com,"Dixon My First Ticonderoga Pencil, #2"
Leinenbach,415-423-3294,tigotevish@gmail.com,Global Adaptabilities™ Conference Tables
Suell,208-709-1235,tigotevish@gmail.com,Kensington 7 Outlet MasterPiece Power Center
Myricks,574-499-1454,tigotevish@gmail.com,"Global Deluxe Stacking Chair, Gray"
Swayze,308-726-2182,tigotevish@gmail.com,Xerox 1885
Castros,206-711-6498,tigotevish@gmail.com,Avery 479
Greenbush,407-413-4842,tigotevish@gmail.com,"AT&T Black Trimline Phone, Model 210"
Lapage,931-313-9635,tigotevish@gmail.com,"Fellowes Twister Kit, Gray/Clear, 3/pkg"
Claucherty,414-661-9598,tigotevish@gmail.com,Eldon Pizzaz™ Desk Accessories
Villanueva,313-288-7937,tigotevish@gmail.com,GBC Binding covers
Perruzza,815-828-2147,tigotevish@gmail.com,Hewlett-Packard Deskjet 5550 Color Inkjet Printer
Wildfong,610-545-3615,tigotevish@gmail.com,Talkabout T8367
Galam,408-540-1785,tigotevish@gmail.com,Logitech Access Keyboard
Lipkin,972-303-9197,tigotevish@gmail.com,"Fellowes Strictly Business® Drawer File, Letter/Legal Size"
Rowling,518-966-7987,tigotevish@gmail.com,Newell 336
Weglarz,732-658-3154,tigotevish@gmail.com,"Conquest™ 14 Commercial Heavy-Duty Upright Vacuum, Collection System, Accessory Kit"
Diestel,715-662-6764,tigotevish@gmail.com,"Tennsco Snap-Together Open Shelving Units, Starter Sets and Add-On Units"
Samara,913-388-2079,tigotevish@gmail.com,GBC DocuBind P100 Manual Binding Machine
Grenet,410-669-1642,tigotevish@gmail.com,Avery 497
Mclaird,212-582-4976,tigotevish@gmail.com,SAFCO Folding Chair Trolley
Jeanty,936-336-3951,tigotevish@gmail.com,"Manila Recycled Extra-Heavyweight Clasp Envelopes, 6"" x 9"""
Eanes,614-801-9788,tigotevish@gmail.com,"Verbatim DVD-RAM, 5.2GB, Rewritable, Type 1, DS"
Mcnease,505-977-3911,tigotevish@gmail.com,Keytronic Designer 104- Key Black Keyboard
Comnick,201-709-6245,tigotevish@gmail.com,Accessory31
Colaizzo,732-924-7882,tigotevish@gmail.com,Avanti 4.4 Cu. Ft. Refrigerator
Threets,212-860-1579,tigotevish@gmail.com,Bush Mission Pointe Library
Koppinger,504-979-9175,tigotevish@gmail.com,"Acco Pressboard Covers with Storage Hooks, 14 7/8"" x 11"", Dark Blue"
Dewar,212-675-8570,tigotevish@gmail.com,Ibico Covers for Plastic or Wire Binding Elements
Arceo,805-832-6163,tigotevish@gmail.com,Boston KS Multi-Size Manual Pencil Sharpener
Keener,210-812-9597,tigotevish@gmail.com,"Hunt BOSTON® Vista® Battery-Operated Pencil Sharpener, Black"
Breland,785-463-7829,tigotevish@gmail.com,Martin-Yale Premier Letter Opener
Rentfro,541-548-8197,tigotevish@gmail.com,Recycled Premium Regency Composition Covers
Kardas,913-413-4604,tigotevish@gmail.com,"Atlantic Metals Mobile 5-Shelf Bookcases, Custom Colors"
Tromblay,907-231-4722,tigotevish@gmail.com,i1000
Harnos,305-606-7291,tigotevish@gmail.com,Avery 493
Chaffins,907-741-1044,tigotevish@gmail.com,Fellowes Super Stor/Drawer®
Bourbon,952-768-2416,tigotevish@gmail.com,"Rubbermaid ClusterMat Chairmats, Mat Size- 66"" x 60"", Lip 20"" x 11"" -90 Degree Angle"
Juvera,617-399-5124,tigotevish@gmail.com,*Staples* Letter Opener
Nunlee,323-453-2780,tigotevish@gmail.com,Canon PC1060 Personal Laser Copier
Devreese,608-336-7444,tigotevish@gmail.com,LX 677
Chavous,215-907-9111,tigotevish@gmail.com,Avery Hi-Liter® Fluorescent Desk Style Markers
Schieler,212-402-9216,tigotevish@gmail.com,"#10- 4 1/8"" x 9 1/2"" Recycled Envelopes"
Sayaphon,931-875-6644,tigotevish@gmail.com,Acco Suede Grain Vinyl Round Ring Binder
Palaia,803-925-5213,tigotevish@gmail.com,Eldon Image Series Black Desk Accessories
Jacobos,610-814-5533,tigotevish@gmail.com,Xerox 213
Yori,908-877-6135,tigotevish@gmail.com,Newell 342
Delasancha,516-968-6051,tigotevish@gmail.com,"Staples #10 Laser & Inkjet Envelopes, 4 1/8"" x 9 1/2"", 100/Box"
Liukko,215-934-8655,tigotevish@gmail.com,Newell 337
Gabisi,818-423-4007,tigotevish@gmail.com,GBC Binding covers
Paskin,401-458-2547,tigotevish@gmail.com,GBC Standard Therm-A-Bind Covers
Asar,215-211-9589,tigotevish@gmail.com,"Micro Innovations Micro Digital Wireless Keyboard and Mouse, Gray"
Chesterfield,401-960-8259,tigotevish@gmail.com,Eldon ClusterMat Chair Mat with Cordless Antistatic Protection
Similton,732-234-1546,tigotevish@gmail.com,Xerox 1985
Tillotson,512-486-3817,tigotevish@gmail.com,Zoom V.92 V.44 PCI Internal Controllerless FaxModem
Lorens,303-724-7371,tigotevish@gmail.com,"Global Leather and Oak Executive Chair, Black"
Boulter,414-748-1374,tigotevish@gmail.com,"Tennsco Lockers, Sand"
Ankeny,212-674-9610,tigotevish@gmail.com,Xerox 1920
Oles,907-797-9628,tigotevish@gmail.com,Xerox 1928
Hixenbaugh,814-393-5571,tigotevish@gmail.com,Xerox 1939
Harabedian,410-914-9018,tigotevish@gmail.com,StarTAC 7760
Gillaspie,208-862-5339,tigotevish@gmail.com,Magna Visual Magnetic Picture Hangers
Kampa,415-315-2761,tigotevish@gmail.com,M3682
Bookamer,919-225-9345,tigotevish@gmail.com,Xerox 1978
Biddy,650-528-5783,tigotevish@gmail.com,"Sauder Forest Hills Library, Woodland Oak Finish"
Motley,925-647-3298,tigotevish@gmail.com,"Global High-Back Leather Tilter, Burgundy"
Nayar,740-343-8575,tigotevish@gmail.com,"Wirebound Message Book, 4 per Page"
Sengbusch,585-866-8313,tigotevish@gmail.com,"Memorex 4.7GB DVD+RW, 3/Pack"
Sarao,410-520-4832,tigotevish@gmail.com,Hoover WindTunnel™ Plus Canister Vacuum
Mcrae,973-354-2040,tigotevish@gmail.com,Newell 335
Lueckenbach,773-446-5569,tigotevish@gmail.com,Zoom V.92 USB External Faxmodem
Husser,973-927-3447,tigotevish@gmail.com,Telescoping Adjustable Floor Lamp
Onofrio,505-975-8559,tigotevish@gmail.com,"Wilson Jones Ledger-Size, Piano-Hinge Binder, 2"", Blue"
Jurney,718-332-6527,tigotevish@gmail.com,"Eldon Expressions Punched Metal & Wood Desk Accessories, Pewter & Cherry"
Heimann,904-775-4480,tigotevish@gmail.com,Prang Drawing Pencil Set
Wenzinger,510-993-3758,tigotevish@gmail.com,Xerox 1992
Angalich,216-657-7668,tigotevish@gmail.com,TI 36X Solar Scientific Calculator
Ohms,817-914-7518,tigotevish@gmail.com,V 3600 Series
Leinenbach,310-774-7643,tigotevish@gmail.com,Sharp AL-1530CS Digital Copier
Suell,847-728-7286,tigotevish@gmail.com,Hon 4-Shelf Metal Bookcases
Myricks,330-537-5358,tigotevish@gmail.com,"Deflect-o EconoMat Nonstudded, No Bevel Mat"
Swayze,215-255-1641,tigotevish@gmail.com,Lock-Up Easel 'Spel-Binder'
Castros,650-803-1936,tigotevish@gmail.com,U.S. Robotics 56K Internet Call Modem
Greenbush,626-572-1096,tigotevish@gmail.com,Boston 1730 StandUp Electric Pencil Sharpener
Lapage,254-782-8569,tigotevish@gmail.com,Bretford CR4500 Series Slim Rectangular Table
Claucherty,907-870-5536,tigotevish@gmail.com,Euro Pro Shark Stick Mini Vacuum
Villanueva,408-703-8505,tigotevish@gmail.com,Hon 5100 Series Wood Tables
Perruzza,510-503-7169,tigotevish@gmail.com,Belkin ErgoBoard™ Keyboard
Wildfong,317-722-5066,tigotevish@gmail.com,Riverleaf Stik-Withit® Designer Note Cubes®
Galam,307-704-8713,tigotevish@gmail.com,Coloredge Poster Frame
Lipkin,703-235-3937,tigotevish@gmail.com,8860
Rowling,504-710-5840,tigotevish@gmail.com,Xerox 1920
Weglarz,303-301-4946,tigotevish@gmail.com,252
Diestel,510-828-7047,tigotevish@gmail.com,Sharp 1540cs Digital Laser Copier
Samara,808-892-7943,tigotevish@gmail.com,"Holmes Replacement Filter for HEPA Air Cleaner, Very Large Room, HEPA Filter"
Grenet,952-334-9408,tigotevish@gmail.com,Wilson Jones Impact Binders
Mclaird,336-243-5659,tigotevish@gmail.com,GBC DocuBind 200 Manual Binding Machine
Jeanty,516-509-2347,tigotevish@gmail.com,"Deflect-o SuperTray™ Unbreakable Stackable Tray, Letter, Black"
Eanes,503-939-3153,tigotevish@gmail.com,Sanford Liquid Accent Highlighters
Mcnease,608-976-7199,tigotevish@gmail.com,Holmes Harmony HEPA Air Purifier for 17 x 20 Room
Comnick,508-429-8576,tigotevish@gmail.com,SANFORD Liquid Accent™ Tank-Style Highlighters
Colaizzo,305-385-9695,tigotevish@gmail.com,Hon iLevel™ Computer Training Table
Threets,814-460-2655,tigotevish@gmail.com,"Eldon® 200 Class™ Desk Accessories, Burgundy"
Koppinger,972-666-3413,tigotevish@gmail.com,"80 Minute CD-R Spindle, 100/Pack - Staples"
Dewar,931-273-8709,tigotevish@gmail.com,3M Hangers With Command Adhesive
Arceo,973-649-2922,tigotevish@gmail.com,X-Rack™ File for Hanging Folders
Keener,305-420-8970,tigotevish@gmail.com,688
Breland,410-224-9462,tigotevish@gmail.com,Ibico EB-19 Dual Function Manual Binding System
Rentfro,805-275-3566,tigotevish@gmail.com,"IBM Multi-Purpose Copy Paper, 8 1/2 x 11"", Case"
Kardas,808-215-6832,tigotevish@gmail.com,Southworth 25% Cotton Premium Laser Paper and Envelopes
Tromblay,229-735-3378,tigotevish@gmail.com,Timeport L7089
Harnos,617-418-5043,tigotevish@gmail.com,Safco Contoured Stacking Chairs
Chaffins,201-672-1553,tigotevish@gmail.com,Canon PC-428 Personal Copier
Bourbon,650-933-5072,tigotevish@gmail.com,Staples Standard Envelopes
Juvera,909-639-9887,tigotevish@gmail.com,12-1/2 Diameter Round Wall Clock
Nunlee,510-955-3016,tigotevish@gmail.com,Lexmark Z55se Color Inkjet Printer
Devreese,518-497-2940,tigotevish@gmail.com,Binder Clips by OIC
Chavous,570-867-7489,tigotevish@gmail.com,Avanti 4.4 Cu. Ft. Refrigerator
Schieler,973-245-2133,tigotevish@gmail.com,"Fellowes Smart Surge Ten-Outlet Protector, Platinum"
Sayaphon,908-409-2890,tigotevish@gmail.com,Canon PC-428 Personal Copier
Palaia,321-749-4981,tigotevish@gmail.com,Aluminum Document Frame
Jacobos,718-809-3762,tigotevish@gmail.com,Wausau Papers Astrobrights® Colored Envelopes
Yori,808-315-3077,tigotevish@gmail.com,Newell 312
Delasancha,303-623-4241,tigotevish@gmail.com,"Pressboard Covers with Storage Hooks, 9 1/2"" x 11"", Light Blue"
Liukko,973-310-1634,tigotevish@gmail.com,Canon imageCLASS 2200 Advanced Copier
Gabisi,609-524-3586,tigotevish@gmail.com,Newell 312
Paskin,908-877-8409,tigotevish@gmail.com,"Chromcraft Bull-Nose Wood 48"" x 96"" Rectangular Conference Tables"
Asar,508-584-4279,tigotevish@gmail.com,"Verbatim DVD-RAM, 9.4GB, Rewritable, Type 1, DS, DataLife Plus"
Chesterfield,773-775-4522,tigotevish@gmail.com,KF 788
Similton,503-527-5274,tigotevish@gmail.com,"Imation Neon Mac Format Diskettes, 10/Pack"
Tillotson,214-339-1809,tigotevish@gmail.com,"Deflect-o EconoMat Nonstudded, No Bevel Mat"
Lorens,312-303-5453,tigotevish@gmail.com,Sanford Liquid Accent Highlighters
Boulter,419-939-3613,tigotevish@gmail.com,2180
Ankeny,951-645-3605,tigotevish@gmail.com,Sharp AL-1530CS Digital Copier
Oles,254-463-4368,tigotevish@gmail.com,"Executive Impressions 14"" Contract Wall Clock"
Hixenbaugh,615-406-7854,tigotevish@gmail.com,*Staples* Highlighting Markers
Harabedian,414-959-2540,tigotevish@gmail.com,Boston 19500 Mighty Mite Electric Pencil Sharpener
Gillaspie,410-387-5260,tigotevish@gmail.com,Xerox 1995
Kampa,972-934-6914,tigotevish@gmail.com,Self-Adhesive Ring Binder Labels
Bookamer,310-560-8022,tigotevish@gmail.com,Catalog Binders with Expanding Posts
Biddy,516-948-5768,tigotevish@gmail.com,*Staples* Packaging Labels
Motley,609-518-7697,tigotevish@gmail.com,"Deflect-o EconoMat Studded, No Bevel Mat for Low Pile Carpeting"
Nayar,513-508-7371,tigotevish@gmail.com,"Recycled Desk Saver Line ""While You Were Out"" Book, 5 1/2"" X 4"""
Sengbusch,541-326-4074,tigotevish@gmail.com,9-3/4 Diameter Round Wall Clock
Sarao,919-533-3762,tigotevish@gmail.com,Logitech Cordless Elite Duo
Mcrae,212-332-8435,tigotevish@gmail.com,Xerox 220
Lueckenbach,602-906-9419,tigotevish@gmail.com,Logitech Cordless Elite Duo
Husser,317-234-1135,tigotevish@gmail.com,Canon Image Class D660 Copier
Onofrio,315-304-4759,tigotevish@gmail.com,12 Colored Short Pencils
Jurney,856-487-5412,tigotevish@gmail.com,Avery Legal 4-Ring Binder
Heimann,516-212-1915,tigotevish@gmail.com,Hoover® Commercial Lightweight Upright Vacuum
Wenzinger,501-308-1040,tigotevish@gmail.com,Colored Envelopes
Angalich,651-591-2583,tigotevish@gmail.com,Xerox 1953
Ohms,215-325-3042,tigotevish@gmail.com,GBC DocuBind 200 Manual Binding Machine
Leinenbach,985-890-7262,tigotevish@gmail.com,DAX Natural Wood-Tone Poster Frame
Suell,631-957-7624,tigotevish@gmail.com,Staples Standard Envelopes
Myricks,916-591-3277,tigotevish@gmail.com,"GBC Prepunched Paper, 19-Hole, for Binding Systems, 24-lb"
Swayze,208-649-2373,tigotevish@gmail.com,Keytronic Designer 104- Key Black Keyboard
Castros,512-587-5746,tigotevish@gmail.com,Recycled Eldon Regeneration Jumbo File
Greenbush,215-964-3284,tigotevish@gmail.com,GBC Standard Plastic Binding Systems Combs
Lapage,808-477-4775,tigotevish@gmail.com,Office Star Flex Back Scooter Chair with White Frame
Claucherty,775-501-8109,tigotevish@gmail.com,Xerox 1941
Villanueva,847-979-9545,tigotevish@gmail.com,"Global Deluxe Stacking Chair, Gray"
Perruzza,973-545-7355,tigotevish@gmail.com,DAX Clear Channel Poster Frame
Wildfong,864-256-3620,tigotevish@gmail.com,Tenex B1-RE Series Chair Mats for Low Pile Carpets
Galam,410-209-9545,tigotevish@gmail.com,Belkin 105-Key Black Keyboard
Lipkin,914-855-2115,tigotevish@gmail.com,Micro Innovations 104 Keyboard
Rowling,212-260-3151,tigotevish@gmail.com,GBC Imprintable Covers
Weglarz,510-677-9785,tigotevish@gmail.com,"GBC Laser Imprintable Binding System Covers, Desert Sand"
Diestel,978-697-6263,tigotevish@gmail.com,"Sharp EL501VB Scientific Calculator, Battery Operated, 10-Digit Display, Hard Case"
Samara,415-767-6596,tigotevish@gmail.com,Hon Multipurpose Stacking Arm Chairs
Grenet,201-971-1638,tigotevish@gmail.com,"Executive Impressions 14"""
Mclaird,925-634-7158,tigotevish@gmail.com,Accessory2
Jeanty,773-494-4195,tigotevish@gmail.com,"Verbatim DVD-RAM, 5.2GB, Rewritable, Type 1, DS"
Eanes,973-943-3423,tigotevish@gmail.com,Southworth 25% Cotton Antique Laid Paper & Envelopes
Mcnease,419-544-4900,tigotevish@gmail.com,Bevis 36 x 72 Conference Tables
Comnick,310-579-2907,tigotevish@gmail.com,Xerox 1936
Colaizzo,352-242-2570,tigotevish@gmail.com,"Eldon® 400 Class™ Desk Accessories, Black Carbon"
Threets,408-758-5015,tigotevish@gmail.com,"Dixon My First Ticonderoga Pencil, #2"
Koppinger,570-889-5187,tigotevish@gmail.com,Durable Pressboard Binders
Dewar,201-588-7810,tigotevish@gmail.com,"Adams Telephone Message Book w/Frequently-Called Numbers Space, 400 Messages per Book"
Arceo,925-615-5185,tigotevish@gmail.com,Bretford “Just In Time” Height-Adjustable Multi-Task Work Tables
Keener,908-802-3564,tigotevish@gmail.com,"Array® Parchment Paper, Assorted Colors"
Breland,631-748-6479,tigotevish@gmail.com,Avery Durable Poly Binders
Rentfro,805-690-1682,tigotevish@gmail.com,Dana Swing-Arm Lamps
Kardas,908-275-8357,tigotevish@gmail.com,"Rubbermaid ClusterMat Chairmats, Mat Size- 66"" x 60"", Lip 20"" x 11"" -90 Degree Angle"
Tromblay,503-940-8327,tigotevish@gmail.com,"Tenex 46"" x 60"" Computer Anti-Static Chairmat, Rectangular Shaped"
Harnos,503-516-2189,tigotevish@gmail.com,HP Office Paper (20Lb. and 87 Bright)
Chaffins,856-305-9731,tigotevish@gmail.com,Bionaire Personal Warm Mist Humidifier/Vaporizer
Bourbon,770-507-8791,tigotevish@gmail.com,270c
Juvera,904-235-3633,tigotevish@gmail.com,T28 WORLD
Nunlee,207-458-9196,tigotevish@gmail.com,"#10-4 1/8"" x 9 1/2"" Premium Diagonal Seam Envelopes"
Devreese,817-765-5781,tigotevish@gmail.com,CF 888
Chavous,716-752-4114,tigotevish@gmail.com,GBC Standard Therm-A-Bind Covers
Schieler,305-670-9628,tigotevish@gmail.com,Epson LQ-570e Dot Matrix Printer
Sayaphon,212-313-1783,tigotevish@gmail.com,Staples Premium Bright 1-Part Blank Computer Paper
Palaia,215-605-7570,tigotevish@gmail.com,Okidata ML390 Turbo Dot Matrix Printers
Jacobos,850-430-1663,tigotevish@gmail.com,"Hon Metal Bookcases, Black"
Yori,415-306-7897,tigotevish@gmail.com,"24 Capacity Maxi Data Binder Racks, Pearl"
Delasancha,408-504-3552,tigotevish@gmail.com,"Lesro Round Back Collection Coffee Table, End Table"
Liukko,650-947-1215,tigotevish@gmail.com,TALES OF SHIVA
Gabisi,818-864-4875,tigotevish@gmail.com,1Q84 THE COMPLETE TRILOGY
Paskin,215-558-8189,tigotevish@gmail.com,MY KUMAN
Asar,337-253-8384,tigotevish@gmail.com,THE GOD OF SMAAL THINGS
Chesterfield,313-533-4884,tigotevish@gmail.com,THE BLACK CIRCLE
Similton,512-213-8574,tigotevish@gmail.com,THE THREE LAWS OF PERFORMANCE
Tillotson,214-428-2285,tigotevish@gmail.com,CHAMarkKYA MANTRA
Lorens,206-697-5796,tigotevish@gmail.com,59.FLAGS
Boulter,610-476-3501,tigotevish@gmail.com,THE POWER OF POSITIVE THINKING FROM
Ankeny,215-372-1718,tigotevish@gmail.com,YOU CAN IF YO THINK YO CAN
Oles,310-858-5079,tigotevish@gmail.com,DONGRI SE DUBAI TAK (MPH)
Hixenbaugh,707-653-8214,tigotevish@gmail.com,MarkLANDA ADYTAN KOSH
Harabedian,407-808-9439,tigotevish@gmail.com,MarkLANDA VISHAL SHABD SAGAR
Gillaspie,760-971-4322,tigotevish@gmail.com,MarkLANDA CONCISE DICT(ENG TO HINDI)
Kampa,508-837-9230,tigotevish@gmail.com,LIEUTEMarkMarkT GENERAL BHAGAT: A SAGA OF BRAVERY AND LEADERSHIP
Bookamer,936-264-9294,tigotevish@gmail.com,LN. MarkIK SUNDER SINGH
Biddy,414-214-8697,tigotevish@gmail.com,I AM KRISHMark
Motley,626-636-4117,tigotevish@gmail.com,DON'T TEACH ME TOLERANCE INDIA
Nayar,914-300-9193,tigotevish@gmail.com,MUJHE SAHISHNUTA MAT SIKHAO BHARAT
Sengbusch,214-289-1973,tigotevish@gmail.com,SECRETS OF DESTINY
Sarao,228-235-5615,tigotevish@gmail.com,BHAGYA KE RAHASYA (HINDI) SECRET OF DESTINY
Mcrae,305-604-8981,tigotevish@gmail.com,MEIN MANN HOON
Lueckenbach,212-304-9225,tigotevish@gmail.com,I AM THE MIND
Husser,201-474-4924,tigotevish@gmail.com,THE ART OF CHOOSING
Onofrio,734-928-5182,tigotevish@gmail.com,IN SPITE OF THE GODS
Jurney,631-258-6558,tigotevish@gmail.com,QUESTIONS & ANWERS ABOUT THE GREAT BIBLE
Heimann,330-791-8557,tigotevish@gmail.com,NIBANDH EVAM KAHANI LEKHAN { HINDI }
Wenzinger,203-506-4706,tigotevish@gmail.com,INDIAN ECONOMY SINCE INDEPENDENCE 27TH /E
Angalich,703-322-4041,tigotevish@gmail.com,ECONOMIC DEVELOPMENT AND POLICY IN INDIA
Ohms,978-626-2978,tigotevish@gmail.com,INDIAN ECONOMY PERFORMANCE 18TH/E  2017-2018
Leinenbach,419-693-1334,tigotevish@gmail.com,INDIAN ECONOMIC DEVELOPMENTSINCE 1947 (NO RETURMarkBLE)
Suell,253-660-7821,tigotevish@gmail.com,PRELIMS SPECIAL READING COMPREHENSION PAPER II CSAT
Myricks,916-741-7884,tigotevish@gmail.com,THE CONSTITUTION OF INDIA 2ND / E
Swayze,307-342-7795,tigotevish@gmail.com,"INDIAN HERITAGE ,ART & CULTURE"
Castros,207-627-7565,tigotevish@gmail.com,BHARAT KA SAMVIDHAN
Greenbush,215-491-5633,tigotevish@gmail.com,"ETHICS, INTEGRITY & APTITUDE ( 3RD/E)"
Lapage,813-769-2939,tigotevish@gmail.com,GENERAL STUDIES PAPER -- I (2016)
Claucherty,619-608-1763,tigotevish@gmail.com,GENERAL STUDIES PAPER - II (2016)
Villanueva,979-718-8968,tigotevish@gmail.com,INDIAN AND WORLD GEOGRAPHY 2E
Perruzza,847-233-3075,tigotevish@gmail.com,VASTUNISTHA PRASHN SANGRAHA: BHARAT KA ITIHAS
Wildfong,609-228-5265,tigotevish@gmail.com,"PHYSICAL, HUMAN AND ECONOMIC GEOGRAPHY"
Galam,908-722-7128,tigotevish@gmail.com,WORLD GEOGRAPHY
Lipkin,718-560-9537,tigotevish@gmail.com,INDIA: MAP ENTRIES IN GEOGRAPHY
Rowling,314-787-1588,tigotevish@gmail.com,GOOD GOVERMarkNCE IN INDIA 2/ED.
Weglarz,209-317-1801,tigotevish@gmail.com,KAMYABI KE SUTRA-CIVIL SEWA PARIKSHA AAP KI MUTTHI MEIN
Diestel,973-936-5095,tigotevish@gmail.com,GENERAL SCIENCE PRELIRY EXAM
Samara,317-578-2453,tigotevish@gmail.com,SUCCESS AND DYSLEXIA
Grenet,206-540-6076,tigotevish@gmail.com,AN EXTRAORDIMarkRY SCHOOL
Mclaird,336-822-7652,tigotevish@gmail.com,POWERFUL PRACTICES FOR READING IMPROVEMENT
Jeanty,785-629-8542,tigotevish@gmail.com,EARLY CHILDHOOD PLAY MATTERS
Eanes,407-471-6908,tigotevish@gmail.com,LEADING LEARNING AND TEACHING
Mcnease,612-508-2655,tigotevish@gmail.com,READING AND LEARNING DIFFICULTIES
Comnick,803-352-5387,tigotevish@gmail.com,NUMERACY AND LEARNING DIFFICULTIES
Colaizzo,707-300-1771,tigotevish@gmail.com,TEACHING AND LEARNING DIFFICULTIES
Threets,847-222-1734,tigotevish@gmail.com,USING DATA TO IMPROVE LEARNING
Koppinger,949-867-4077,tigotevish@gmail.com,PATHWAYS TO SCHOOL SYSTEM IMPROVEMENT
Dewar,303-404-2210,tigotevish@gmail.com,FOR THOSE WHO TEACH
Arceo,203-801-6193,tigotevish@gmail.com,KEYS TO SCHOOL LEADERSHIP
Keener,425-986-7573,tigotevish@gmail.com,DIVERSE LITERACIES IN EARLY CHILDHOOD
Breland,440-989-5826,tigotevish@gmail.com,CREATIVE ARTS IN THE LIVESOF YOUNG CHILDREN
Rentfro,603-315-6839,tigotevish@gmail.com,SOCIAL AND EMOTIOMarkL DEVELOPMENT
Kardas,321-518-5938,tigotevish@gmail.com,DISCUSSIONS IN SCIENCE
Tromblay,212-792-8658,tigotevish@gmail.com,YOUNG CHILDREN LEARNING MATHEMATICS
Harnos,714-584-2237,tigotevish@gmail.com,COACHING CHILDREN
Chaffins,248-913-4677,tigotevish@gmail.com,TEACHING PHYSICAL EDUCATIOMarkL IN PRIMARY SCHOOL
Bourbon,317-825-4724,tigotevish@gmail.com,ASSESSMENT AND REPORTING
Juvera,940-276-7922,tigotevish@gmail.com,COLLABORATION IN LEARNING
Nunlee,203-721-3388,tigotevish@gmail.com,RE-IMAGINING EDUCATIMarkL LEADERSHIP
Devreese,410-739-9277,tigotevish@gmail.com,TOWARDS A MOVING SCHOOL
Chavous,504-463-4384,tigotevish@gmail.com,DESINGNING A THINKING A CURRICULAM
Schieler,804-550-5097,tigotevish@gmail.com,LEADING A DIGITAL SCHOOL
Sayaphon,215-979-8776,tigotevish@gmail.com,NUMERACY
Palaia,952-651-7597,tigotevish@gmail.com,TEACHING ORAL LANGUAGE
Jacobos,305-936-8226,tigotevish@gmail.com,SPELLING
Yori,414-263-5287,tigotevish@gmail.com,STORIES OF SHIVA
Delasancha,732-941-2621,tigotevish@gmail.com,JAMSET  JI TATA: THE MAN WHO SAW TOMORROW
Liukko,701-898-2154,tigotevish@gmail.com,HEROES FROM THE MAHABHARTA { 5-IN-1 }
Gabisi,775-638-9963,tigotevish@gmail.com,SURYA
Paskin,602-954-5141,tigotevish@gmail.com,TALES OF THE MOTHER GODDESS
Asar,615-390-2251,tigotevish@gmail.com,ADVENTURES OF KRISHMark
Chesterfield,410-351-1863,tigotevish@gmail.com,MAHATMA GANDHI
Similton,212-870-1286,tigotevish@gmail.com,TALES FROM THE PANCHATANTRA 3-IN-1
Tillotson,806-703-1435,tigotevish@gmail.com,YET MORE TALES FROM THE JATAKAS { 3-IN-1 }
Lorens,323-765-2528,tigotevish@gmail.com,LEGENDARY RULERS OF INDIA
Boulter,619-509-5282,tigotevish@gmail.com,GREAT INDIAN CLASSIC
Ankeny,770-732-1194,tigotevish@gmail.com,TULSIDAS ' RAMAYAMark
Oles,508-769-5250,tigotevish@gmail.com,TALES OF HANUMAN
Hixenbaugh,269-756-7222,tigotevish@gmail.com,VALMIKI'S RAMAYAMark
Harabedian,973-714-1721,tigotevish@gmail.com,THE BEST OF INIDAN WIT AND WISDOM
Gillaspie,337-740-9323,tigotevish@gmail.com,MORE TALES FROM THE PANCHTANTRA
Kampa,717-491-5643,tigotevish@gmail.com,THE GREAT MUGHALS {5-IN-1}
Bookamer,314-359-9566,tigotevish@gmail.com,FAMOUS SCIENTISTS
Biddy,817-213-8851,tigotevish@gmail.com,KOMarkRK
Motley,813-932-8715,tigotevish@gmail.com,THE MUGHAL COURT
Nayar,770-679-4752,tigotevish@gmail.com,MORE STORIES FROM THE JATAKAS
Sengbusch,760-938-6069,tigotevish@gmail.com,MORE TALES OF BIRBAL
Sarao,517-906-1108,tigotevish@gmail.com,TALES FROM THE JATAKAS
Mcrae,602-390-4944,tigotevish@gmail.com,RAMarkS OF MEWAR
Lueckenbach,207-295-7569,tigotevish@gmail.com,THE SONS OF THE PANDAVAS
Husser,301-696-6420,tigotevish@gmail.com,"Verbatim DVD-RAM, 5.2GB, Rewritable, Type 1, DS"
Onofrio,717-809-3119,tigotevish@gmail.com,Newell 323
Jurney,972-419-7946,tigotevish@gmail.com,Eldon Portable Mobile Manager
Heimann,406-318-1515,tigotevish@gmail.com,Avery Binder Labels
Wenzinger,973-767-3008,tigotevish@gmail.com,Eldon Jumbo ProFile™ Portable File Boxes Graphite/Black
Angalich,248-980-6904,tigotevish@gmail.com,"Master Giant Foot® Doorstop, Safety Yellow"
Ohms,216-923-3715,tigotevish@gmail.com,Newell 315
Leinenbach,325-631-1560,tigotevish@gmail.com,Kleencut® Forged Office Shears by Acme United Corporation
Suell,817-526-4408,tigotevish@gmail.com,Xerox 1983
Myricks,718-201-3751,tigotevish@gmail.com,T61
Swayze,401-893-4882,tigotevish@gmail.com,Avery Poly Binder Pockets
Castros,717-885-9118,tigotevish@gmail.com,"Bush Westfield Collection Bookcases, Fully Assembled"
Greenbush,401-948-4982,tigotevish@gmail.com,Xerox 196
Lapage,305-622-4739,tigotevish@gmail.com,Nu-Dell Leatherette Frames
Claucherty,201-832-4168,tigotevish@gmail.com,Colored Envelopes
Villanueva,210-856-4979,tigotevish@gmail.com,"Pressboard Covers with Storage Hooks, 9 1/2"" x 11"", Light Blue"
Perruzza,718-478-8504,tigotevish@gmail.com,Eldon Simplefile® Box Office®
Wildfong,909-993-3242,tigotevish@gmail.com,6190
Galam,216-230-4892,tigotevish@gmail.com,Panasonic KX-P3200 Dot Matrix Printer
Lipkin,212-304-4515,tigotevish@gmail.com,Wilson Jones DublLock® D-Ring Binders
Rowling,804-762-9576,tigotevish@gmail.com,"Wilson Jones Hanging View Binder, White, 1"""
Weglarz,706-221-4243,tigotevish@gmail.com,"Fellowes Basic 104-Key Keyboard, Platinum"
Diestel,337-515-1438,tigotevish@gmail.com,Ibico Recycled Linen-Style Covers
Samara,973-544-2677,tigotevish@gmail.com,Self-Adhesive Ring Binder Labels
Grenet,607-407-3716,tigotevish@gmail.com,"Tenex File Box, Personal Filing Tote with Lid, Black"
Mclaird,973-412-2995,tigotevish@gmail.com,1726 Digital Answering Machine
Jeanty,208-252-4552,tigotevish@gmail.com,DAX Clear Channel Poster Frame
Eanes,415-411-1775,tigotevish@gmail.com,"80 Minute Slim Jewel Case CD-R , 10/Pack - Staples"
Mcnease,508-942-4186,tigotevish@gmail.com,Xerox 1891
Comnick,248-357-8718,tigotevish@gmail.com,Xerox 220
Colaizzo,920-353-6377,tigotevish@gmail.com,Computer Printout Paper with Letter-Trim Perforations
Threets,410-665-4903,tigotevish@gmail.com,Wausau Papers Astrobrights® Colored Envelopes
Koppinger,719-669-1664,tigotevish@gmail.com,"Executive Impressions 8-1/2"" Career Panel/Partition Cubicle Clock"
Dewar,419-588-8719,tigotevish@gmail.com,Belkin MediaBoard 104- Keyboard
Arceo,301-998-9644,tigotevish@gmail.com,"Executive Impressions 12"" Wall Clock"
Keener,508-855-9887,tigotevish@gmail.com,Southworth 25% Cotton Antique Laid Paper & Envelopes
Breland,703-483-1970,tigotevish@gmail.com,6185
Rentfro,410-678-2473,tigotevish@gmail.com,"Eldon Spacemaker® Box, Quick-Snap Lid, Clear"
Kardas,512-223-4791,tigotevish@gmail.com,Xerox 1995
Tromblay,623-461-8551,tigotevish@gmail.com,Honeywell Quietcare HEPA Air Cleaner
Harnos,419-571-5920,tigotevish@gmail.com,Xerox 1993
Chaffins,206-311-4137,tigotevish@gmail.com,"Hon Deluxe Fabric Upholstered Stacking Chairs, Rounded Back"
Bourbon,513-617-2362,tigotevish@gmail.com,"Strathmore #10 Envelopes, Ultimate White"
Juvera,812-368-1511,tigotevish@gmail.com,Fellowes 8 Outlet Superior Workstation Surge Protector
Nunlee,847-353-2156,tigotevish@gmail.com,"Tyvek Interoffice Envelopes, 9 1/2"" x 12 1/2"", 100/Box"
Devreese,718-232-2337,tigotevish@gmail.com,Fiskars® Softgrip Scissors
Chavous,407-446-4358,tigotevish@gmail.com,Sanyo 2.5 Cubic Foot Mid-Size Office Refrigerators
Schieler,310-820-2117,tigotevish@gmail.com,Accessory20
Sayaphon,813-797-4816,tigotevish@gmail.com,Xerox 1971
Palaia,915-452-1290,tigotevish@gmail.com,5165
Jacobos,619-603-5125,tigotevish@gmail.com,Lexmark Z54se Color Inkjet Printer
Yori,301-841-5012,tigotevish@gmail.com,StarTAC 7760
Delasancha,714-523-6653,tigotevish@gmail.com,"Premier Elliptical Ring Binder, Black"
Liukko,314-732-9131,tigotevish@gmail.com,Wilson Jones DublLock® D-Ring Binders
Gabisi,512-233-1831,tigotevish@gmail.com,Micro Innovations 104 Keyboard
Paskin,336-670-2640,tigotevish@gmail.com,"Eldon Expressions Punched Metal & Wood Desk Accessories, Pewter & Cherry"
Asar,631-443-4710,tigotevish@gmail.com,Eureka Disposable Bags for Sanitaire® Vibra Groomer I® Upright Vac
Chesterfield,201-825-2514,tigotevish@gmail.com,GBC Standard Plastic Binding Systems Combs
Similton,901-412-4381,tigotevish@gmail.com,Avery 520
Tillotson,404-505-4445,tigotevish@gmail.com,"Fellowes Premier Superior Surge Suppressor, 10-Outlet, With Phone and Remote"
Lorens,650-473-1262,tigotevish@gmail.com,"Cardinal Slant-D® Ring Binder, Heavy Gauge Vinyl"
Boulter,952-702-7993,tigotevish@gmail.com,Fiskars® Softgrip Scissors
Ankeny,480-726-1280,tigotevish@gmail.com,"TOPS Money Receipt Book, Consecutively Numbered in Red,"
Oles,718-976-8610,tigotevish@gmail.com,Xerox 226
Hixenbaugh,770-844-3447,tigotevish@gmail.com,Sanford 52201 APSCO Electric Pencil Sharpener
Harabedian,507-210-3510,tigotevish@gmail.com,Laminate Occasional Tables
Gillaspie,203-461-1949,tigotevish@gmail.com,Round Ring Binders
Kampa,260-273-3725,tigotevish@gmail.com,Durable Pressboard Binders
Bookamer,601-927-8287,tigotevish@gmail.com,Avery 52
Biddy,586-970-7380,tigotevish@gmail.com,Avery 492
Motley,719-853-3600,tigotevish@gmail.com,"Executive Impressions 13"" Chairman Wall Clock"
Nayar,212-745-8484,tigotevish@gmail.com,Binder Posts
Sengbusch,510-686-3407,tigotevish@gmail.com,Avery 498
Sarao,773-704-9903,tigotevish@gmail.com,Xerox 1891
Mcrae,570-218-4831,tigotevish@gmail.com,DIXON Oriole® Pencils
Lueckenbach,530-986-9272,tigotevish@gmail.com,Avery Durable Binders
Husser,845-823-8877,tigotevish@gmail.com,Avery 510
Onofrio,216-600-6111,tigotevish@gmail.com,"Super Bands, 12/Pack"
Jurney,973-852-2736,tigotevish@gmail.com,iDEN i95
Heimann,907-435-9166,tigotevish@gmail.com,Staples 6 Outlet Surge
Wenzinger,215-268-1275,tigotevish@gmail.com,Lock-Up Easel 'Spel-Binder'
Angalich,513-977-7043,tigotevish@gmail.com,"Memorex 4.7GB DVD+R, 3/Pack"
Ohms,310-699-1222,tigotevish@gmail.com,"3M Polarizing Task Lamp with Clamp Arm, Light Gray"
Leinenbach,515-370-7348,tigotevish@gmail.com,"Advantus Employee of the Month Certificate Frame, 11 x 13-1/2"
Suell,610-809-1818,tigotevish@gmail.com,Office Star Flex Back Scooter Chair with White Frame
Myricks,919-623-2524,tigotevish@gmail.com,"Howard Miller 11-1/2"" Diameter Ridgewood Wall Clock"
Swayze,509-695-5199,tigotevish@gmail.com,Southworth 25% Cotton Premium Laser Paper and Envelopes
Castros,914-868-5965,tigotevish@gmail.com,Howard Miller 12-3/4 Diameter Accuwave DS ™ Wall Clock
Greenbush,410-757-1035,tigotevish@gmail.com,Lock-Up Easel 'Spel-Binder'
Lapage,516-847-4418,tigotevish@gmail.com,StarTAC 7760
Claucherty,508-456-4907,tigotevish@gmail.com,"Seth Thomas 12"" Clock w/ Goldtone Case"
Villanueva,918-644-9555,tigotevish@gmail.com,Bevis Round Conference Room Tables and Bases
Perruzza,231-467-9978,tigotevish@gmail.com,#10 Self-Seal White Envelopes
Wildfong,337-566-6001,tigotevish@gmail.com,Xerox 1885
Galam,419-975-3182,tigotevish@gmail.com,Fellowes Super Stor/Drawer® Files
Lipkin,619-461-9984,tigotevish@gmail.com,"Advantus Push Pins, Aluminum Head"
Rowling,203-892-3863,tigotevish@gmail.com,Acco Perma® 2700 Stacking Storage Drawers
Weglarz,201-920-9002,tigotevish@gmail.com,"Acco Pressboard Covers with Storage Hooks, 14 7/8"" x 11"", Dark Blue"
Diestel,330-903-1345,tigotevish@gmail.com,Bevis Steel Folding Chairs
Samara,201-238-5688,tigotevish@gmail.com,"Staples Vinyl Coated Paper Clips, 800/Box"
Grenet,616-737-3085,tigotevish@gmail.com,Bevis 36 x 72 Conference Tables
Mclaird,601-567-5386,tigotevish@gmail.com,Telescoping Adjustable Floor Lamp
Jeanty,901-640-9178,tigotevish@gmail.com,"Tenex Personal Self-Stacking Standard File Box, Black/Gray"
Eanes,303-402-1940,tigotevish@gmail.com,"Advantus Push Pins, Aluminum Head"
Mcnease,901-901-4726,tigotevish@gmail.com,"Micro Innovations Micro 3000 Keyboard, Black"
Comnick,626-866-2339,tigotevish@gmail.com,LX 677
Colaizzo,773-225-9985,tigotevish@gmail.com,"Bush Westfield Collection Bookcases, Fully Assembled"
Threets,718-228-5894,tigotevish@gmail.com,Canon MP41DH Printing Calculator
Koppinger,509-755-5393,tigotevish@gmail.com,7160
Dewar,410-890-7866,tigotevish@gmail.com,Belkin 8 Outlet SurgeMaster II Gold Surge Protector
Arceo,973-860-8610,tigotevish@gmail.com,DAX Clear Channel Poster Frame
Keener,562-579-6900,tigotevish@gmail.com,"Memorex 4.7GB DVD-RAM, 3/Pack"
Breland,732-628-9909,tigotevish@gmail.com,Prang Drawing Pencil Set
Rentfro,973-210-3994,tigotevish@gmail.com,Euro Pro Shark Stick Mini Vacuum
Kardas,303-776-7548,tigotevish@gmail.com,M3682
Tromblay,757-682-7116,tigotevish@gmail.com,StarTAC 6500
Harnos,602-919-4211,tigotevish@gmail.com,SAFCO Arco Folding Chair
Chaffins,305-968-9487,tigotevish@gmail.com,Eldon Advantage® Chair Mats for Low to Medium Pile Carpets
Bourbon,602-896-2993,tigotevish@gmail.com,SC7868i
Juvera,386-526-7800,tigotevish@gmail.com,HP Office Recycled Paper (20Lb. and 87 Bright)
Nunlee,415-331-9634,tigotevish@gmail.com,KF 788
Devreese,858-793-9684,tigotevish@gmail.com,Logitech Internet Navigator Keyboard
Chavous,201-991-8369,tigotevish@gmail.com,ACCOHIDE® Binder by Acco
Schieler,909-430-7765,tigotevish@gmail.com,"O'Sullivan Elevations Bookcase, Cherry Finish"
Sayaphon,617-365-2134,tigotevish@gmail.com,Serrated Blade or Curved Handle Hand Letter Openers
Palaia,760-291-5497,tigotevish@gmail.com,"Tyvek ® Top-Opening Peel & Seel Envelopes, Plain White"
Jacobos,310-510-9713,tigotevish@gmail.com,Keytronic 105-Key Spanish Keyboard
Yori,717-528-8996,tigotevish@gmail.com,"*Staples* vLetter Openers, 2/Pack"
Delasancha,480-293-2882,tigotevish@gmail.com,Hon 4700 Series Mobuis™ Mid-Back Task Chairs with Adjustable Arms
Liukko,561-470-4574,tigotevish@gmail.com,Office Star - Mid Back Dual function Ergonomic High Back Chair with 2-Way Adjustable Arms
Gabisi,615-246-1824,tigotevish@gmail.com,Global Adaptabilities™ Conference Tables
Paskin,859-717-7638,tigotevish@gmail.com,Motorola SB4200 Cable Modem
Asar,734-561-6170,tigotevish@gmail.com,"Acme Design Line 8"" Stainless Steel Bent Scissors w/Champagne Handles, 3-1/8"" Cut"
Chesterfield,936-751-7961,tigotevish@gmail.com,Jet-Pak Recycled Peel 'N' Seal Padded Mailers
Similton,973-482-2430,tigotevish@gmail.com,Wilson Jones DublLock® D-Ring Binders
Tillotson,201-693-3967,tigotevish@gmail.com,Strathmore Photo Mount Cards
Lorens,305-988-4162,tigotevish@gmail.com,Xerox 1978
Boulter,931-553-9774,tigotevish@gmail.com,"GBC White Gloss Covers, Plain Front"
Ankeny,714-771-3880,tigotevish@gmail.com,GBC DocuBind 200 Manual Binding Machine
Oles,847-633-3216,tigotevish@gmail.com,Self-Adhesive Address Labels for Typewriters by Universal
Hixenbaugh,215-888-3304,tigotevish@gmail.com,"O'Sullivan Elevations Bookcase, Cherry Finish"
Harabedian,973-654-1561,tigotevish@gmail.com,Xerox 1891
Gillaspie,814-865-8113,tigotevish@gmail.com,Fellowes Recycled Storage Drawers
Kampa,801-293-9853,tigotevish@gmail.com,"1.7 Cubic Foot Compact ""Cube"" Office Refrigerators"
Bookamer,910-922-3672,tigotevish@gmail.com,"DAX Contemporary Wood Frame with Silver Metal Mat, Desktop, 11 x 14 Size"
Biddy,213-975-8026,tigotevish@gmail.com,Newell 312
Motley,517-499-2322,tigotevish@gmail.com,Avery 487
Nayar,315-818-2638,tigotevish@gmail.com,Avery 487
Sengbusch,574-656-2800,tigotevish@gmail.com,Serrated Blade or Curved Handle Hand Letter Openers
Sarao,407-312-1691,tigotevish@gmail.com,"Eureka Hand Vacuum, Bagless"
Mcrae,973-751-9003,tigotevish@gmail.com,Airmail Envelopes
Lueckenbach,609-200-8577,tigotevish@gmail.com,Keytronic French Keyboard
Husser,608-382-4541,tigotevish@gmail.com,TDK 4.7GB DVD-R
Onofrio,914-861-9748,tigotevish@gmail.com,"Pressboard Covers with Storage Hooks, 9 1/2"" x 11"", Light Blue"
Jurney,336-370-5333,tigotevish@gmail.com,Hon Olson Stacker Stools
Heimann,410-473-1708,tigotevish@gmail.com,Newell 314
Wenzinger,732-730-2692,tigotevish@gmail.com,Global Ergonomic Managers Chair
Angalich,830-258-2769,tigotevish@gmail.com,Xerox 1995
Ohms,847-519-5906,tigotevish@gmail.com,Belkin 8 Outlet Surge Protector
Leinenbach,732-605-4781,tigotevish@gmail.com,Canon Image Class D660 Copier
Suell,402-896-5943,tigotevish@gmail.com,Xerox 1919
Myricks,703-221-5602,tigotevish@gmail.com,Eldon Jumbo ProFile™ Portable File Boxes Graphite/Black
Swayze,972-558-1665,tigotevish@gmail.com,Accessory27
Castros,212-510-4633,tigotevish@gmail.com,Berol Giant Pencil Sharpener
Greenbush,516-816-1541,tigotevish@gmail.com,Verbatim DVD-R 4.7GB authoring disc
Lapage,352-598-8301,tigotevish@gmail.com,"TOPS Money Receipt Book, Consecutively Numbered in Red,"
Claucherty,317-542-6023,tigotevish@gmail.com,Xerox 227
Villanueva,816-557-9673,tigotevish@gmail.com,"Sauder Forest Hills Library, Woodland Oak Finish"
Perruzza,601-234-9632,tigotevish@gmail.com,GBC VeloBinder Electric Binding Machine
Wildfong,325-869-2649,tigotevish@gmail.com,Accessory4
Galam,408-805-4309,tigotevish@gmail.com,"Lesro Sheffield Collection Coffee Table, End Table, Center Table, Corner Table"
Lipkin,856-312-2629,tigotevish@gmail.com,"Adams Phone Message Book, Professional, 400 Message Capacity, 5 3/6” x 11”"
Rowling,510-974-8671,tigotevish@gmail.com,Microsoft Internet Keyboard
Weglarz,407-538-5106,tigotevish@gmail.com,Xerox 1962
Diestel,307-403-1488,tigotevish@gmail.com,636
Samara,516-393-9967,tigotevish@gmail.com,Global Commerce™ Series High-Back Swivel/Tilt Chairs
Grenet,608-967-7194,tigotevish@gmail.com,Wilson Jones Easy Flow II™ Sheet Lifters
Mclaird,201-431-2989,tigotevish@gmail.com,Avery White Multi-Purpose Labels
Jeanty,570-648-3035,tigotevish@gmail.com,Accessory25
Eanes,858-617-7834,tigotevish@gmail.com,Xerox 199
Mcnease,760-616-5388,tigotevish@gmail.com,Bretford Rectangular Conference Table Tops
Comnick,609-373-3332,tigotevish@gmail.com,Bush Advantage Collection® Racetrack Conference Table
Colaizzo,401-465-6432,tigotevish@gmail.com,T28 WORLD
Threets,785-347-1805,tigotevish@gmail.com,Hon Comfortask® Task/Swivel Chairs
Koppinger,916-920-3571,tigotevish@gmail.com,Fellowes 17-key keypad for PS/2 interface
Dewar,386-248-4118,tigotevish@gmail.com,Xerox 1938
Arceo,202-646-7516,tigotevish@gmail.com,"Executive Impressions 12"" Wall Clock"
Keener,415-423-3294,tigotevish@gmail.com,1726 Digital Answering Machine
Breland,208-709-1235,tigotevish@gmail.com,Hon 4070 Series Pagoda™ Armless Upholstered Stacking Chairs
Rentfro,574-499-1454,tigotevish@gmail.com,Rediform S.O.S. Phone Message Books
Kardas,308-726-2182,tigotevish@gmail.com,StarTAC 3000
Tromblay,206-711-6498,tigotevish@gmail.com,Staples® General Use 3-Ring Binders
Harnos,407-413-4842,tigotevish@gmail.com,Adesso Programmable 142-Key Keyboard
Chaffins,407-413-4843,tigotevish@gmail.com,"ACCOHIDE® 3-Ring Binder, Blue, 1"""
Bourbon,407-413-4844,tigotevish@gmail.com,Ampad #10 Peel & Seel® Holiday Envelopes
Juvera,407-413-4845,tigotevish@gmail.com,"Imation 3.5"" DS-HD Macintosh Formatted Diskettes, 10/Pack"
Nunlee,407-413-4846,tigotevish@gmail.com,Durable Pressboard Binders
Devreese,407-413-4847,tigotevish@gmail.com,"Global Leather and Oak Executive Chair, Black"
Chavous,407-413-4848,tigotevish@gmail.com,3M Organizer Strips
Schieler,407-413-4849,tigotevish@gmail.com,Xerox 1983
Sayaphon,407-413-4850,tigotevish@gmail.com,Advantus Map Pennant Flags and Round Head Tacks
Palaia,407-413-4851,tigotevish@gmail.com,Office Star - Mid Back Dual function Ergonomic High Back Chair with 2-Way Adjustable Arms
Jacobos,407-413-4852,tigotevish@gmail.com,"Belkin 107-key enhanced keyboard, USB/PS/2 interface"
Yori,407-413-4853,tigotevish@gmail.com,5185
Delasancha,407-413-4854,tigotevish@gmail.com,Hon Every-Day® Chair Series Swivel Task Chairs
Liukko,407-413-4855,tigotevish@gmail.com,Avery 494
Gabisi,407-413-4856,tigotevish@gmail.com,Xerox 1905
Paskin,407-413-4857,tigotevish@gmail.com,Dana Halogen Swing-Arm Architect Lamp
Asar,407-413-4858,tigotevish@gmail.com,Maxell DVD-RAM Discs
Chesterfield,407-413-4859,tigotevish@gmail.com,"DAX Contemporary Wood Frame with Silver Metal Mat, Desktop, 11 x 14 Size"
Similton,407-413-4860,tigotevish@gmail.com,Computer Printout Paper with Letter-Trim Perforations
,,,
